object,,
ˆÊ’u XŽ², YŽ², ZŽ²
-9171.62,120,-8502.97
-9038.53,120,-8374.03
-9008.94,130,-7601.69
-7917.21,115,-9222.04
-8743.72,125,-8180.45
-9260.36,120,-8251.41
-9014.95,120,-8694.37
-9160.26,120.92,-8230.53
-8242.13,115,-9054.76
-8434.87,125,-8523.26
-9086.77,120,-8408.09
-9426.51,120,-8415.53
-7975.3,130,-8331.71
-9110.91,121.71,-8271.99
-8018.36,115,-9327.02
-7721.4,115,-9714.77
-8475.12,115,-9178.85
-9087.5,120,-8398.52
-8290.71,115,-9137
-8731.92,110,-9900.35
-8495.78,115,-9344.85
-9753.14,120,-8145.61
-8634.03,120,-8937.99
-8322.31,120,-8884.33
-8614.57,110,-9457.61
-9632.13,115,-8731.75
-8243.99,125,-8566.48
-8685.75,120,-8597.33
-9843.31,120,-8261.03
-9507.26,145,-5406.67
-9889.34,130,-7121.89
-7652.03,145,-7480.28
-9312.93,135.6,-7181.09
-9564.6,135,-7117.34
-9035.82,140,-7255.44
-8208.75,145,-7112.24
-9236.71,140,-7153.85
-9608.99,125,-7634.63
-9643.32,140,-6421.05
-9479.54,145,-6274.28
-9890.69,140,-6388.76
-7642.21,145,-7336.46
-8952.96,140,-7211.93
-9507.3,125,-7806.51
-8838.77,140,-7221.29
-9128.09,129.95,-7622.37
-9029.67,145,-5784.41
-9822.79,135,-6962.28
-8395.31,125,-8268.92
-9411.87,140,-7065.51
-8835.56,130,-7823.21
-8279.08,145,-7099.69
-8773.85,145,-5978.03
-10301.62,120,-7280.49
-9775.66,145,-5746.31
-9936.08,133.85,-6925.41
-9769.34,140,-6667.14
-9817.5,135,-6770.45
-10699.94,120,-7457.7
-10312.29,125,-7065.13
-10367.35,135,-6369.22
-9292.16,145,-5800.59
-8573.25,138.18,-7668.25
-9563.53,135,-7174.37
-10657.39,120,-6916.66
-9994.14,130,-6919.17
-9348.5,136.89,-7132.64
-9123.35,140,-7177.72
-9627.96,120,-7922.64
-9545.76,135,-7294.85
-8341.43,130,-8175.38
-9809.31,125,-7448.39
-9533.98,140,-6803.98
-9569.63,135,-7028.09
-10269.72,145,-4709.11
-9509.71,155,-3890.11
-9313.84,145,-6290.89
-10330.22,144.31,-5326.67
-9702.85,150,-4652.5
-10305.89,145,-5076.24
-11166.39,139.2,-5041.62
-9911,145,-5797.97
-9634.06,145,-5597.42
-9029.64,150,-5117.8
-10256.03,145,-5395.35
-9112.78,155,-4543.57
-10229.2,145,-4786.78
-9183.83,150,-5073.43
-10604.51,145,-4476.29
-9884.89,155,-3902.14
-9999.66,140,-5904.08
-9090.59,145,-5816.09
-9343.24,145,-5628.47
-8984.42,145,-5909.77
-8032.44,153.92,-5428.38
-10549.18,140,-5374.83
-9659.87,155,-4091.34
-9184.56,150,-5030.14
-9580.15,145,-5172.08
-9561.26,150,-4511.25
-8678.14,154.25,-4779.39
-9288.06,160,-3755.54
-10673.44,145,-4755.85
-10238.51,140,-5815.01
-10407.14,145,-4826.08
-9831.17,140,-6118.8
-10618.28,140,-5145.49
-10514.99,140,-5731.22
-10156.02,145,-5080.24
-10515.58,145,-4461.17
-9876.38,150,-4254.15
-9766.39,145,-5707.32
-9979.12,145,-4992.84
-9587.71,150,-4762.69
-9565.45,155,-4215.97
-9819.34,145,-5065.87
-9972.37,140,-6295.85
-10005.87,155,-3456.3
-9944.63,150,-4374.27
-9654.9,140,-6608.28
-10771.63,132.84,-6043.73
-9933.39,145,-4667.81
-10027.69,155,-3500.46
-9772.37,145,-5011.28
-9960.68,155,-4096.77
-9494.34,150,-4483.38
-9374.26,155,-3776.72
-10224.51,160,-2242.63
-9618.89,174.94,-1731.7
-8646.47,166.2,-3091.58
-9707.89,155,-3940.18
-9036.21,165,-2913.06
-10361.66,160,-2705.62
-10448.46,160,-3138.61
-9909.49,155,-3668.45
-10852.96,155,-3090.66
-9745.9,175,-1282.91
-9303.68,165,-2642.31
-9372.93,170,-2035.03
-9744.35,155,-4201.07
-9424.56,175,-1655.71
-9962.07,160,-3315.99
-8631,167.55,-3093.49
-10601.58,160,-2780.3
-9670.86,165,-2139.26
-10111.22,159.28,-3407.23
-10821.54,155,-3096.43
-9865.38,160,-3097.15
-9623.24,165,-3073.47
-9357.14,165,-2655.45
-10459.93,160,-3054.71
-9318.62,175,-1768.73
-8944.24,165,-2768.88
-9737.48,155,-4181.96
-8770.56,160,-3621.05
-9273.68,165,-2959.03
-9669.31,165,-2473.52
-10188.78,160,-3120.02
-10177.29,160,-3045.45
-9029.48,165,-2890.44
-10475.32,160,-2931.78
-8965.43,160,-3730.06
-11218.78,155,-3105.78
-10112.37,160,-2516.63
-9811.57,160,-3374.73
-9671.7,165,-2495.3
-9056.09,175,-2203.39
-9960.74,170,-316.66
-9674.03,165,-1968.09
-9589.53,176.05,-910.12
-9476.7,175,-1374.58
-8228.7,190,-842.25
-10225.63,175,-662.35
-8233.02,185,-1008.82
-10801.89,160,-1210.37
-9687.1,165,-1820.29
-9231.75,180,-1037.55
-9407.48,180,-718.93
-10799.68,160,-857.36
-9568.73,175,-1115.74
-9517.44,180,-802.39
-9604.09,165,-2252.98
-10129.38,170,-1244.16
-9747.14,175,-1206.75
-9391.04,175,-351.5
-9677.79,175,-301.86
-10819.12,160,-806.18
-9677.79,165,-1967.95
-10734.99,153.59,-105.9
-9881.15,175,-1062.31
-10318.98,170,-164.77
-9949.25,162.79,127.89
-9727.54,175,-57.65
-10184.34,175,-672.25
-10235.05,170,-1051.71
-11218.63,160,-1119.68
-9850.34,175,-1112.35
-9897.63,165,-1763.93
-9099.16,180,-1122.72
-8881.9,180,-924.85
-9520.54,180,-670.86
-9690.23,175,-1177.38
-10233.44,169.97,-1216.86
-9445.25,170,-1990.29
-9720.11,176.66,-436.74
-10151.13,171.53,-465.34
-10737.24,160,-1360.36
-8001.21,191.25,-1036.31
-9922.81,170,-202.49
-8684.45,185,-239.8
-9721.54,175,-901.65
-10930.27,160,-859.91
-10168.93,165,-1569.59
-9964.89,170,-139.29
-9823.82,142.56,3049.38
-9365.72,168.43,1305.71
-10350.44,145,1639.11
-9847.14,162.27,30.21
-9048.03,180,1197.44
-9700.39,167.18,1128.24
-10038.45,160,8.93
-10716.9,155,597.27
-9655.68,175,808.35
-9609.41,148.27,2617.26
-9850.34,144.97,3279.08
-10259.54,158.53,1264.73
-9632.36,175,1005.1
-9401.01,174.9,1181.9
-8519.89,185,1320.58
-10632.28,140,1770.06
-10144.39,140,2546.23
-10790.5,155,849.77
-9795.95,160,1451.24
-10030.3,165,616.55
-9657.04,160,1472.15
-10874.9,142.51,1366.88
-10205.38,150,1477.15
-8878.18,175,1341.18
-10145.1,145,1745.85
-9815.15,158.48,1493.31
-10704.61,154.3,957.01
-10011.26,145,1783.02
-10792.9,145.71,1268.67
-10822.07,155.38,275.91
-9244.36,170,1301.08
-10818.91,140,1515.43
-10208.94,140,2191.29
-10349.77,165,440.61
-9941.51,165,1350.71
-10043.66,140,2338.49
-9891.34,165,1208.78
-8492.07,187.89,1221.06
-10227.34,135,2343.96
-9955.11,165,346.1
-10031.43,160,1285.18
-10582.57,155,824.81
-9985.49,160,1072.15
-9562.19,150,2381.76
-9729.52,172.48,-295.64
-10065.73,149.06,1659.43
-9723.56,168.31,1116.88
-9690.47,150,1994.27
-8765.08,155,3217.28
-9840.09,145,2639.51
-9013.54,150,3605.43
-8668.44,160,3380.65
-9183.45,145,3337.24
-10027.77,138.59,2764.13
-10731.91,100,4479.81
-9746.03,149.73,2247.26
-10994.79,120,2920.17
-9852.93,160.84,1441.6
-9256.41,145,3426.41
-10047.07,125,4033.68
-9627.92,145,3388.15
-10280.72,145,1787.92
-9424.49,127.3,4652.5
-9795.09,125,4054.14
-9843.01,155,1782.49
-9602.34,150,2982.29
-10246.52,135,3087.25
-9306.51,145,3541.19
-10106.57,133.64,3860.09
-9237.67,136.23,3843.39
-11112.96,115.43,3541.38
-9460.7,113.93,5217.53
-9775.11,145,2106.3
-9540.61,145,3219.23
-9842.52,140,3007.94
-10544.33,130,3372.53
-9691.12,145,3424.43
-9811.64,125,4369.19
-9820.07,145,2571.77
-9979.55,135,3159.45
-9741.14,147.89,2021.1
-9465.11,145,3477.3
-10277.32,136.45,2685.48
-9357.26,145,3366.14
-9760.93,125,4160.61
-10933.47,106.94,3980.57
-10172.65,130,3392.77
-9411.94,145,3314.63
-9879.28,122.07,4396.24
-9485.28,145,3552.17
-10519,130,3224.49
-10047.62,115,4536.28
-9818.46,137.58,3774.2
-9878.06,142.19,3341.33
-9764.81,125,4162.64
-9130.87,120,5423.96
-9724.66,80,7050.29
-9804.32,70,7307.14
-9704.18,105,5892.69
-9304.65,115,5880.1
-9637.99,126.2,4498.05
-9581.08,110,5338.58
-9670.33,110,5095.91
-10320.52,100,5438.28
-10399.05,90.1,5864.02
-9006.93,120,5606.5
-9810.33,95,6299.82
-9536.77,110,6033.7
-9720.57,101.2,6183.73
-10305.18,100,5423.56
-9251.47,115,5934.9
-9476.81,120,4783.22
-10390.36,100,5425.15
-10767.78,88.9,5360.96
-10015.81,106.48,5519.36
-10029.22,110,5081.28
-11001.54,69.85,5756.78
-9588.91,124.43,4602.83
-9522.77,112.72,4882.08
-10127.8,87.22,6192.15
-9986.24,80,6707.23
-10066.74,102.01,5529.86
-9996.72,125,4208.53
-10127.44,110,4628.31
-9182.83,120,4971.72
-10141.58,110,4725.32
-10389.42,98.52,5614.79
-10148.26,95,5946.25
-10855.44,77.9,5715.53
-9158.43,110,6136.33
-9676.6,110,5068.66
-8893.4,120,5845.01
-9463.78,105,6367.09
-10294.33,95.57,5775.21
-8829.84,120,5610.73
-9379.13,117.13,4900.45
-10415.9,90,5928.09
-9522.36,112.76,5833.35
-9719.65,84.47,6805.25
-9663.24,110,5214.99
-9694.28,110,5307.55
-10717.32,85,5775.11
-9861.45,55,8100.45
-9792.92,61.61,7541.02
-10253.75,50,7689.39
-10091.29,57.38,7226.17
-9693.41,55,8868.5
-10629.24,50,7989.57
-9700.59,55,9215.59
-9670.41,55,9028.73
-9865.17,75,6843.52
-9664.53,90,6511.93
-10107.11,50,7409.81
-10421.3,50,7898.86
-9140.53,110,6357.09
-9688.34,71.17,7384.69
-9648.94,55,9106.29
-10583.09,64.04,6654.78
-10535.55,50,6854.14
-7795.66,70,9920.98
-6482.25,110,9083.91
-7067.46,70,10544.87
-6990.75,76.99,9480.08
-7899.34,70.07,10899.04
-5895.69,130,8661.86
-8020.76,67.92,10233.01
-7809.11,70,10303.43
-7550.32,70,9972.87
-7634.47,70,10581.66
-5808.46,125,8989.92
-5941.19,130,8760.26
-4479.76,147.02,9245.35
-5273.88,140,9085.89
-6048.65,120,8990.78
-5082.81,141.72,9125.8
-4821.12,110.79,10420.96
-5345.59,139.27,9057.27
-5581.46,128.45,9384.04
-6146.4,120,9079.7
-6073.87,110,9437.8
-5322.68,135,9429
-5525.34,159.93,7687.54
-5752.43,130,8763.55
-6360.69,109.82,9201.84
-5578.2,157.18,7625.6
-5685.95,127.81,8889.51
-5301.19,125,9879.78
-5382.09,86.79,10633.57
-5900.65,120,9208.03
-5762.87,130,8845.64
-6614.08,95,9497.18
-3903.18,155,8892.29
-5350.37,109.96,10175.21
-5557.21,114.28,9830.65
-5085.98,140,9258.23
-5436.24,144.44,8902.81
-4955.04,150,8918.5
-6513.25,70.69,10106.39
-5463.99,128.6,9512.13
-6305.81,75.39,10023.03
-5451.66,117.26,9927.39
-6586.78,110,8760.38
-5147.01,150,8698.18
-5450.92,172.97,7030.59
-4222.68,150,9575.88
-5448.1,175,7244.9
-5959.61,120,9025.06
-6709.94,105,9044.79
-4449.74,150,9244.48
-5653.19,77.53,10324.75
-4403.75,155,8969.23
-3532.45,155,8655.97
-3495.18,145,10237.5
-4027.53,155,9067.54
-3588.26,170,7605.64
-4247.88,150,9618.4
-2978.41,150,9722.39
-4690.85,130,9706.81
-1689.85,155,8631.81
-3641.39,150,9408.91
-3484.02,155,9006.46
-4438.48,145.01,9561.37
-4655.46,140,9423.26
-3628.39,155,9106.3
-3103.82,150,9219.17
-2742.48,155,9116.95
-3345.77,150,9363.75
-3480.66,150,9530.24
-2624.8,155,9096.41
-4317.17,150,9378.37
-3925.93,150,9636.77
-4005.27,155,8896.86
-3194.16,155,9021.2
-3919.93,155,8968.8
-4089.18,126.66,10383.43
-3336.95,143.29,10417.06
-1953.94,150,9412.18
-2115.25,150,9420.42
-3432.02,150,9686.58
-3509.26,170,7575.13
-3544.37,150,9493.01
-4509.76,159.02,8892.46
-3651.47,150,9448.87
-2153.47,155,8914.1
-4235.6,150,9383.42
-3014.12,145,10011.59
-3077.18,150,9600.07
-3593.46,155,9001.63
-3381.01,140.63,10443.69
-3414.96,128.69,10813.06
-3824.55,155,8672.31
-3305.18,155,8747.63
-3624.49,122.55,10790.96
-3720.28,155,8951.08
-4017.76,150,9478.73
-3384.7,126.53,10900.09
-2277.38,150,9222.57
-1462.29,145,9910.98
-1785.5,150,9554.35
-1890.96,140,10219.69
-830.12,150,9232.54
-1249.54,155,8550.49
-2853.47,150,9422.69
-1013.19,150,9388.77
-1387.07,150,9094.17
-1802.14,155,8918.18
58.98,140,9264.46
-2632.87,150,9228.3
-1154.17,145,9909.36
-1034.77,145.12,9583.55
-1550.18,155,8545.59
-1734.05,146.72,9682.83
-956.74,150,9195.2
64,140,9390.58
-1076.78,155,8580.87
-1258.58,135,10584.99
-2026.9,135,10472.4
-167.28,145,9238.82
-1513.48,135,10475.91
-2481.79,155,8685.85
-1377.72,140,10108.15
-1506.82,150,9237.47
-1099.74,145,9917.06
-1488.96,145,9686.95
-859.98,121.59,10642.06
111.35,140,9609.31
-1041.52,150.56,8944.38
-1385.48,165,7423.85
-1673.69,155,8639.71
-651.73,155,8797.42
654.92,135,9220.53
-1622.78,150,9510.3
-1544.8,150,9406.54
-1211.64,155,8785.11
-1143.87,150,9213.48
-1889.56,155,8974.58
-1423.69,150,9226.52
-924.74,130,10417.99
-1795.47,150,9161.89
-970.79,160,7499.44
-1560.5,130,10767.94
-1098.63,150,9352.9
-2907.09,150,9317.33
-1508.87,150.98,9040.21
-635.67,140,9666.02
1055.76,125,9419.16
288.07,140,9418.51
1283.67,125,9498.38
141.73,140,9582.65
1357.1,120,9574.33
-481.99,145,9337.64
131.56,141.15,9238.51
-94.48,140,9480.5
1250.56,125,9499.86
177.73,140,9509.8
1211.99,121.86,9581.39
2214.7,120,9296.8
-813.58,135.49,10108.68
732.77,130.24,9491.01
910.26,125,9670.75
1030.31,121.31,9656.62
935.45,120,9744.84
173.79,140,9476.88
618.6,135,9511.59
1558.22,125,9360.63
1182.94,120,9713.14
-615.04,144.48,9435.27
1902.05,120,9507.19
354.54,135,9691.17
470.01,140,9311.7
2701.13,115,9770.73
2786.48,115,9676.69
2094.97,118.52,9664.79
4213.15,105,9524.41
3457.39,115,9078.63
3596.88,105,9767.64
3512.98,115,9539.4
2872.74,115,9622.21
3654.13,105,9610.24
3378.01,110,9779.25
3991.57,105,9613.6
2904.55,115,9403
2428.54,115.32,9518.22
3469.02,115,9280.23
3422.6,115,9340.12
3244.47,115,9629.01
4286.15,105,9495.55
5413.98,115,5975.88
4906.97,120,5865.89
4989.34,120,6071.41
5358.77,115,5999.23
3798.56,140,6164.41
4918.86,125.42,5658.12
3138.81,145,6021.35
4837.71,125,5956.71
4521.12,130,5881.87
4106.88,130,6168.76
4694.98,125,6120.19
5189.16,115,6164.11
4398.82,130,6187.91
1448.39,155,6167
2679.32,150,6083.13
2577.13,145,6387.8
3187.29,140,6355.88
2003.61,155,5740.91
4053.49,135,5637.43
2391.91,153.4,5574.13
2847.52,150,5832.07
4299.2,130,6187.47
1904.85,150,6081.49
2794.85,145,6433.94
4060.07,135,5774.25
3154.32,145,6061.14
3858.85,135,6050.96
1682.72,150,6424.21
3756.93,140,6142.25
2380.19,150,5737.35
3482.42,140,5940.92
4161.62,130,6089.71
3426.53,140,5873.28
4502.07,129.71,6200.79
2411.73,150,6319.57
1603.46,153.73,6162.71
1715.76,150.67,6127.5
2837.89,150,5682.35
2644.45,150,5587.09
1833.12,150,6495.75
651.28,160,5983.92
2237.68,155,5685.11
722.18,155,6089.55
1516.51,155,5972.02
2152.48,155,5423.42
1645.25,150,6391.34
550.05,165,5487.57
-263.97,173.48,6229.16
433.01,155,6232.1
384.99,165,5539.88
1644.71,150,6706.91
378.62,155,6487.97
2280.73,150,6312.25
93.16,165,5951.6
925.66,155,6567.89
-662.92,175,6137.29
463.35,165,5635.82
1453.83,150,6348.2
33.14,162.19,6044.91
732.9,155,6609.06
-364.82,175,6005.31
413.05,155,6542.54
787.3,155,6241.29
-773.8,175,6179.81
710.4,155,6277.53
1019.44,155,6252.94
656.24,165,5363.02
-358.55,170,6482.73
-830.88,175,6117.07
515.88,165,5692.99
-639.02,175,6193.26
325.89,155,6430.48
684.23,155,6407.48
-876.8,175,6131.86
2047.18,150,6550.42
565.91,160,5890.14
-347.11,165,6643.18
814.25,160,5632.97
467.01,160,5831.85
682.75,160,5712.36
-415.48,170,6392.16
-1888.23,165,7111.9
-2522.94,180,6026.98
-2668.61,180,6586.96
-1937.61,180,5855.1
-292.54,165,6514.9
-1887.46,175,6791.14
-2788.15,180,6598.27
-1336.32,175,5708.95
-1307.69,165,7432.34
-1780.32,190,4786.37
-2261.13,180,5766.15
-1931.96,175,6816.92
-2654.13,180,6751.04
-1958.01,175.8,6312.27
-1269.64,170.45,6745.45
-1953.99,165,7112.74
-1349.44,165,7458.44
-2141.65,180,6453.53
-340.06,165,6580.05
-2944.8,180,7019.8
-1173.19,175,6278.53
-3199.38,180,6448.54
-1011.22,175,6580.76
-1718.39,180,5839.99
-963.31,175,6410.83
-1752.87,165,7454.62
-1933.81,175,6748.23
-687.07,170,6577.36
-2703.17,165,7380.64
-3135.68,180,6571.83
-1370.37,165,7300.17
-2222.52,180,6643.98
-1457.19,175.72,5476.17
-1462.27,175,6479.07
-1450.94,175,6586.77
-2393.94,180,5686.13
-2733.11,180,5733.25
-1843.69,165,7090.7
-492.37,170,6534.04
-1434.4,165,7428.43
-965.76,175,5998.96
-1858.87,190,5315.85
-1187.91,170,6725.15
-2684.76,180,7006.39
-1782.61,175,6542.1
-1791.87,180,5836.72
-1900.94,155,8544.79
-2133.37,180,5995.52
-1495.84,175,6656.32
-3021.87,180,6083.94
-4053.03,190,5243.93
-4285.91,185.42,5095.76
-5007.29,185,5682.67
-4027.07,190,5351.87
-3056.91,180,6831.37
-5128.87,175,7084.82
-3128.09,180,5878.27
-3930.47,190,5726.84
-4783.51,175,6379.79
-5327.81,172.22,6480.37
-4123.93,180,7105.99
-5728.58,172.14,5769.31
-4753.61,175,6687.07
-3446.42,180,7206.1
-5461.69,170,6885.99
-3904.55,180,6659.14
-3439.44,180,5985.5
-4235.26,180,6065.88
-4045.8,180,7093.72
-4466.62,177.55,6292.09
-2663.45,180,6336.67
-4563.38,175,6093.29
-4292.37,185,5300.7
-4029.49,180,6318.67
-3939.77,170,7561.76
-5160.61,175,6265.34
-4629.27,185,5281.1
-5596.98,164.1,7488.03
-4173.76,180,6447.93
-4285.88,185,5833.21
-5800.39,165,6360.8
-4799.59,175,7189.79
-3629.08,180,6807.55
-4531.96,185,5627.66
-2723.13,185,5619.25
-4860.47,175,6404.44
-4829.62,175,6854.08
-3861.38,180,5934.56
-5576.61,165,6408.16
-3605.98,180,7031.36
-2871.14,180,6032.61
-3461.9,180,6532.14
-5202.68,175,6193.38
-3035.86,180,6451.09
-3027.34,180,6336.11
-4327.14,180,6288.9
-4225.51,185.21,5127.65
-5209.87,175,6486.45
-7189.34,140,6379.94
-5475.63,172.44,7167.06
-5169.37,175,6893.96
-6683.15,140,7194.49
-6635.62,145,5978.23
-6144.35,160,5901.75
-6295.81,150.42,6939.01
-6163.08,180,4315.19
-5851.81,170,5452.78
-5202.26,175,5334.38
-5813.82,185,4432.04
-6884.66,140,6622.33
-6615.02,180,4249.98
-6607.2,150,6735.94
-6407.01,154.3,6464.3
-7249.92,140,6395.69
-6076.38,160,6096.88
-5623.11,165,5924.4
-6340.43,154.07,6709.27
-6583.7,150,6690.97
-6664.04,145,6090.28
-6121.21,157.88,6021.01
-5878.13,165.78,5814.03
-5861.43,170,5433.34
-6499.9,150,6641.24
-6005.34,160,5888.36
-6177.16,157.28,5922.5
-5954.14,170,5405.15
-7591.77,140.82,5870.86
-6762.08,175,4560.17
-6472.59,152.74,6345.32
-6472.61,155,6075.55
-5633,165,5915.85
-6592.85,157.62,5673.83
-5889.82,165,6780.23
-6533.03,175,4310.89
-6249.38,166.06,5589.4
-5598.97,165,5857.99
-7707.13,135.61,6243.93
-8277.32,155,3989.33
-6851.23,185,3088.76
-8002.32,154.76,4302.39
-7410.62,183.94,2879.73
-6260.6,180,4592.07
-7165.63,175,4278.69
-7101.9,175,4072.3
-7145.41,170,4473.64
-6998.1,179.66,3692.79
-7101,180,3282.71
-7209.1,179.72,3452.81
-7729.23,175,2862.86
-7424.3,160,4463.74
-7095.38,195,2408.49
-7253.03,175,3790.45
-7339.38,173.11,3868.94
-7309.61,175,3572.08
-7347.1,190,2286.67
-6138.14,190,3788.89
-7631.25,155,4551.34
-7881.54,175,2734.69
-7316.62,175,3528.5
-7358.62,169.14,3914.17
-6260.84,195,3031.23
-6499.67,175,4568.97
-7186.71,175,3584.98
-8044.83,150,4803.8
-7193.91,145,5757.31
-7652.19,165,3910.97
-7480.56,175,3261.31
-7298.64,165.86,4541.41
-7975.88,165.13,3627.21
-8554.69,165.78,3137.48
-7751.38,165,4139.52
-7640.4,167.94,3770.65
-7041.47,190,2581.92
-7265.76,175,3776.07
-7970.02,153.39,4396.07
-7114.89,175,3556.77
-7951.67,170,3359.43
-7958.64,165,3565.41
-7798.27,155,4741.32
-7370.46,185,3056.07
-7310.47,175,3835.8
-7121.99,175,3690.89
-7236.66,185,2972.77
-8143.32,155,3844.91
-6620.71,190.12,2848.84
-4923.41,210,754.68
-7899.54,195,804.46
-5666.61,205.7,159.64
-5826.24,205,743.61
-6090.32,220,1283.46
-6059.1,209.09,838.38
-7761.68,195,753.07
-6330.8,200,-61.31
-5823.7,220,1239.65
-5072.52,225,1332.95
-7767.84,195,549.17
-7474.36,195,564.68
-5470.33,210,564.6
-6408.63,197.59,-275.87
-7493.72,190,-102.79
-6189.45,205,-503.6
-5641.82,220,1223.03
-6580.51,200.96,-609.91
-6521.41,205,-981.46
-6849.34,195,2608.21
-7269.09,195,475.45
-6289.46,210,1117.81
-7283.81,195,504.49
-7484.89,185,16.09
-6529.62,210,1317.86
-7583.3,195,-389.2
-5904.55,210,767.94
-6010.58,220,1480.06
-4771.17,210,796.4
-6568.75,210,1337.23
-7327.6,195,586.79
-6673.76,200,-1598.07
-6634.93,200,-1382.72
-6631.98,195,-2250.54
-6341.16,205,-643.91
-6571.98,195,-2141.51
-7717.6,195,-959.88
-6380.91,205,-605.7
-6278.33,205,-971.7
-6364.1,205,-1391.78
-7346.86,185,-2813.68
-6394.64,205,-1462.68
-6762.23,200,-1754.97
-7953.28,195,-968.07
-6520.96,200,-1531.02
-6951.14,190,-2060.04
-6583.09,179.55,-3521.42
-6643.42,191.67,-2489.91
-6380.68,200,-1734.66
-5973.99,207.6,-1147.67
-6880.04,190,-2337.51
-6396.1,200,-1654.28
-6490.83,201.31,-646.08
-6107.31,212.14,-828.7
-6657.18,195,-2180.35
-7550.84,185,-2607.25
-6878.57,195,-1923.74
-6632.7,195,-2046.89
-6652.6,200,-1388.32
-8183.88,185,-1867.54
-6524.32,185,-2850.82
-6297.6,200,160.14
-6092.31,205,-1953.28
-6403.29,190.33,-2731.65
-7013.59,166.78,-4332.24
-7584.63,168.21,-3933.31
-5407.38,185,-3884.52
-6747.86,175,-4074.16
-7254.75,170,-3954.28
-5402.96,185,-3860.1
-5378.54,185,-3933.38
-5794.97,175,-4597.26
-4923.54,185,-3935.6
-6939.03,175,-3599.85
-6785.53,175,-3920.67
-5395.27,175,-4940.07
-6819.47,190,-2580.33
-7169.77,165,-4487.37
-6526.51,180,-3400.19
-7013.04,175,-3354.65
-5076.02,185,-3782.8
-6457.46,175,-4263.54
-6386.3,175,-4142.46
-7095.69,165,-4693.39
-6153.7,180,-3621.94
-7401.61,165,-4352.14
-6306.92,165,-5264.97
-6665.28,177.86,-3456.09
-7492.68,165,-4311.31
-6757.88,175,-3851.25
-6902.16,170,-4233.08
-6715.48,185,-3113.33
-6820.68,165,-4723.08
-7294.73,165,-4283.23
-6925.47,190,-2772.64
-6463.36,185,-2859.94
-6943.51,170,-4013.34
-7171.09,178.05,-3119.49
-6943.14,165,-4530.94
-7791.11,146.08,-6798.13
-6845.53,153.59,-6468.61
-6068.39,155,-6554.86
-6861.24,155,-6174.39
-7070.63,145,-7374.8
-7019.98,155,-5912.14
-7265.57,155,-6036.99
-6842.69,140,-8136.88
-7667.37,150,-6242.1
-7364.73,145,-7324.36
-7286.75,150,-6283.84
-7408.53,155,-5532.74
-6971.75,150,-6618.97
-7300.06,150,-6243.29
-6851.09,150,-7019.77
-7820.3,150,-6106.59
-8143.41,150,-6070.38
-6806.64,150,-6914.41
-6846.28,155,-5918.61
-6881.8,145,-7631.82
-7897.11,145,-7082.02
-7409.18,150,-6738.77
-7757.24,150,-6505.08
-5769.54,167.05,-5209.93
-6613.23,170,-4459.39
-6914.97,150,-7294.85
-6260.45,155,-6725.88
-6429.79,155,-6415.14
-6701.62,155,-6304.1
-6721.45,150,-7460.11
-6493.53,155,-6495.73
-6652.3,145,-7677.46
-6629.35,155,-6245.24
-7653.99,155,-5398.83
-7089.13,135,-8226.77
-8459.93,150,-6091.14
-7682.54,150,-6445.29
-7293.5,145,-7551.77
-7177.62,135,-8095.14
-6652.1,120,-9521.53
-6836.58,115,-10061.85
-6864.47,133.86,-8511.37
-6698.17,120,-9261.48
-7785.14,140.81,-7706.79
-6909.4,150,-6902.92
-7670.74,135,-7932.72
-7949.19,126.85,-8481.5
-6357.81,140,-8197.5
-6662.16,150,-6945.87
-6725.8,120,-9208.53
-6793.37,120,-9157.37
-6496.29,120,-9532.58
-7140.37,125,-8780.03
-7252.53,135,-8487.03
-7850.82,130,-8265.71
-7105.7,134.29,-8600.71
-6140.86,130,-8771.74
-6752.8,130,-8672.64
-7271.36,115,-9515.55
-7866.51,135,-8094.03
-7703.76,120,-8891.61
-7309.24,135,-8446.71
-7124.29,145,-7686
-6747.18,120,-9478.84
-7168.71,137.27,-8058.56
-6910.92,115,-9999.1
-7005.42,120,-9043.04
-7095.29,150,-7251.12
-6523.85,137.92,-8360.39
-7116.69,115,-9700.59
-6729.76,145,-7586.76
-6927.02,135.91,-8190.89
-6613.7,125,-8923.65
-5102.11,115,-10602.56
-6539.77,110,-10439.58
-7025.88,113.31,-10091.05
-6117.47,110,-10616.63
-6246.09,110,-11020.5
-5956.91,110,-10622.01
-5543.82,110,-10695.89
-6430.48,115,-9734.07
-7336.75,105,-10815.15
-6212.97,115,-9802.62
-6332.41,110,-10628.3
-6424.82,107.74,-11097.77
-4979.14,120,-9817.45
-6527.07,110,-10815.48
-7838.34,110,-10503.02
-5760.51,110,-11080.69
-5605.98,115,-10535.47
-5323.61,110,-10813.52
-6393.5,120,-9218.6
-6125.04,120,-9501.98
-7191.66,110,-10686.55
-6311.38,120,-9697.79
-4686.23,120,-9991.79
-5976.64,130,-8853.45
-4992.06,109.21,-11049.51
-5914.83,110,-11039.56
-5896.09,110,-11094.18
-6696.16,110,-10657.46
-7120.45,110,-10576.06
-4306.72,120,-10134.99
-5123.92,114.83,-10651.65
-6011.34,110,-10649.2
-6060.51,110,-10498.91
-5489.63,110,-11068.79
-4774.05,115,-10354.08
-5818.28,110,-10593.79
-7041.14,110,-10423.65
-5755.61,110,-10646.69
-4544.54,115,-10560.14
-5728.38,125,-9313.28
-6870.83,105.3,-10996.99
-5745.33,120,-9781.97
-5440.74,115,-10381.14
-5626.24,120,-9696.63
-5201.94,124.16,-9508.38
-2780.94,120,-9696.06
-3773.98,130,-9229.73
-4679.23,120,-9990.67
-3706.09,105,-11168.55
-3823.15,119.11,-9958.93
-3714.93,105,-11002.81
-4313.49,115,-10340.25
-3446.94,105,-10909.16
-2612.52,110,-10623.11
-3637.06,105,-11070
-4926.83,115,-10186.04
-4907.99,115,-10226.48
-5489.32,115,-10181.02
-3034.87,110,-10737.48
-3049.12,125.58,-9244.18
-4214.41,111.44,-10399.54
-3938.17,111.17,-10188.34
-2826.2,110,-10284.75
-3508.99,130.07,-9199.26
-2501.86,115,-10034.96
-2928.97,110,-10745.2
-2446.43,115,-9913.03
-4975.49,120,-9845.04
-3560.83,110,-10616.83
-3901.82,112.53,-10174.71
-1956.62,105,-10416.44
-3333.11,120,-9674.23
-3518.46,115,-9839.4
-3206.81,125,-9537.92
-4037.36,105,-11001.41
-2511.25,115,-10125.71
-4537.02,115,-10190.03
-3280.8,105,-10955.9
-3859.9,109.01,-10809.89
-2900.14,110,-10626.8
-3542.56,130,-9298.07
-2857.95,110,-10757.58
-3200.17,135,-8982.81
-4222.02,125,-9556.19
-4596.3,115,-10287.27
-4491.83,125,-9631.84
-1576.32,100,-10894.88
-812.56,115,-9470.55
-1587.75,120,-9304.22
-36.67,100,-10030.06
-1777.23,130,-9071.05
-3540.59,110,-10383.61
-1315.12,105,-10386.6
-2385.83,135,-8620.86
-1712.63,105,-10417.99
-2174.32,100,-10896.27
-2114.71,124.57,-9554.27
-2133.76,108.38,-10210.4
-835.02,105,-10018.47
-2311.75,115,-9882.21
-2380.19,100,-11041.21
-845.88,105,-10342.91
180.79,95,-10378.4
-1924.73,105,-10314.25
-3219.28,105,-11001.03
-1886.23,110,-10031.48
-2212.98,128.18,-9268.22
-1628.49,104.3,-10657
-1545.06,105,-10373.8
-1563.77,100,-11108.02
-1733.14,110,-10074.98
-2296.98,110,-10263.68
-1768.14,105,-10279.79
-590,95,-10893.37
-1987.96,107.28,-10177.2
-1742.27,105,-10575.3
-2104.79,115,-10044.6
-1603.57,115,-9564.28
-1733.45,120,-9288.5
-2259.15,135,-8760.85
-2575.07,110,-10327.3
-1901.48,100,-10778.51
-1489.76,124.8,-9201.95
-637.78,95,-10501.27
-363.47,105,-9505.47
-2501.37,110,-10380.08
-1464.75,120,-9412.62
-2330.6,115,-9925.33
-1700.23,117.16,-9528.37
674.33,80,-10692.08
2386.15,45,-10302.73
361.99,75,-11226.63
-766.64,125,-9029.75
2313.67,50,-9927.78
493.89,97.4,-9526
229.81,95,-10222.17
2138.71,52.26,-9968.46
764.06,100,-9319.53
338.59,76.14,-11194.63
1465.89,59.07,-10609.29
-98.74,94.87,-10820.05
-124.86,110,-9276.61
-578.49,95,-10536.9
-325,95,-10401.19
57.75,100,-9844.33
-118.79,95,-10569.97
756.36,90,-10050.45
1187.05,65,-10959.52
1090.74,60.93,-11132.27
832.84,90,-10300.43
522.61,87.74,-10590.61
-554.01,95,-10960.97
1100.13,85,-9516.38
1251.79,80,-9900.56
1387.38,80,-9997.49
1026.58,72.34,-10702.56
820.89,90,-10009.16
72.6,95,-10456.21
292.54,100,-9826.63
1135.2,72.66,-10288.23
136.2,109.06,-9259.43
86.29,100,-10136.7
612,75,-11148.03
1291.97,80,-10017.67
564.65,80,-10851.77
701.92,103.95,-9060.51
627.69,111.74,-8782.64
2218.55,50,-10154.73
93.34,81.98,-11180.15
244.91,100,-10020.69
630.19,95,-9692.64
73.43,102.22,-9677.82
801.16,80,-10509.82
-71.3,100,-10074.47
2643.07,45.17,-9948.32
2503.18,50,-9831.03
2891.76,45,-9891.85
3032.26,35,-11133.45
3680.94,21.91,-11215.65
3121.49,35,-10626.6
3213.42,35,-10538.87
2448.92,45.11,-10109.93
3027.18,35,-10767.53
3774.09,35,-9816.37
3081.06,45,-9732.72
2519.13,45,-10396.91
3922.8,33.09,-9819.12
1749.07,65,-10089.1
3270.79,45,-9787.82
3559.99,44.75,-9651.23
2270.08,45,-10764.13
2407.47,45,-10191.14
2990.97,45.75,-9592.46
2675.31,45,-9978.99
3536.04,35,-10225.79
2349,50,-10014.28
3985.51,26.45,-10227.82
2420.2,55,-9589.66
3786.05,35,-9725.89
2839.16,45,-10581.21
3105.49,35,-10884.37
3388.01,45,-9539.06
2682.06,60,-9003.02
1307.87,80,-9841.16
3181.92,45,-9959.19
2426.55,45,-10864.09
2934.98,45,-9904.77
2208.27,58.25,-9817.48
2435.54,45,-10700.63
2944.35,45,-10481.79
2401,55,-9512.99
1263.75,68.68,-10513.24
3531.93,35,-10386.32
7323.03,0,-10472.49
8870.7,2.27,-10377.34
8755.22,5,-10036.53
9215.05,10,-9700.25
7755.27,0,-10597.68
8531.99,5,-10003.93
9051.83,5,-10097.85
9680.48,5,-9900.89
9266.24,10,-9955.65
8311.06,0,-10668.86
10056.52,5,-9391.03
8518.39,5,-10220.5
9497.12,5,-9732.25
8403.34,0,-10894.72
10201.6,5,-9839.27
8357.89,0,-10876.05
7689.36,0,-10762.57
8506.39,0,-10877.93
8694.19,0,-10711.59
10281.26,0,-10276.51
9572.88,5,-10044.39
8928.05,0,-10781.02
3316.64,45,-9634.5
2420.94,50,-9964.81
2945.28,80.47,-7859.39
3560.44,45,-9104.24
3119.11,53.09,-9030.79
3173.52,35,-10619.47
3414.06,50,-8968.47
3729.19,45,-8973.8
3773.6,45,-8928.36
1280.89,85,-9401.51
2481.01,45,-10606.31
3548.87,55.11,-8504.92
2157.1,60,-9757.32
2995.86,50,-9489.82
2657.29,54.27,-9488
3200.95,50,-9159.16
3002.91,64.71,-8546.58
3450.14,30,-10791.96
3129.11,45,-9617.09
2292.06,65.79,-9179.25
2560.65,45,-10084.99
3324.15,45,-9458.76
1851.51,80,-9094.67
2923.23,65,-8474.98
3328.33,30,-11139.27
2778.97,72.1,-8557.41
3354.54,47.52,-9124.84
3272.86,45,-9361.26
2320.34,64.35,-9506.48
3489.51,45,-9716.05
2183.57,80,-8914.57
3170.79,65,-8098.49
1758.21,75,-9522.28
2749.02,55,-9385.54
3017.51,45,-9692.2
3521.89,35,-9867.99
3107.92,45,-9495.29
3978.53,30,-9965.07
3572.78,60,-8163.99
1462.8,80,-9711.25
2636.46,46.35,-9928.78
2342.52,65,-9332.97
2339.2,45,-11138.51
2817.84,60,-8997.71
3058.64,43.27,-10407.78
2834.84,50,-9549.2
2857.71,45,-9849.66
2229.63,65,-9535.73
-61.57,120,-8947.83
1819.38,80,-9129.57
1638.08,65,-10134.28
1163.84,120,-7957.64
455.16,90,-10104.56
2526.29,65,-9109.46
1071.26,109.46,-8405.4
1334.08,93.91,-8810.92
1382.2,60,-10692.19
2846.61,57.17,-9128.28
237.13,122.33,-8676.71
1493.27,60,-10537.43
1746.55,90.34,-8586
814.59,100,-9193.07
1743.68,75,-9624.25
1103.21,115,-8208.29
1263.34,113.67,-8236.75
2754.77,55,-9268
1336.01,86.4,-9142.83
2316.44,65,-9330.99
1135.37,78.82,-10211.84
633.83,80,-10733.9
154.99,95,-10570.32
1663.91,88.61,-8873.42
-12.77,114.94,-9150.6
1134.13,100,-8650.93
635.61,99.61,-9453.88
1806.57,75,-9477.94
77.82,115,-9039.05
1107.62,103,-8619.96
1141.52,90,-9155.36
411.93,125,-8205.57
2034.37,75,-9330.33
364.4,103.56,-9455
1057,89.3,-9341.69
383.71,101.63,-9385
914.37,93.56,-9402.17
2270.91,65,-9542.7
711.53,95,-9775.45
2222.88,60,-9656.65
2596.53,55.35,-9381.47
652.18,125,-8125.4
2132.02,73.51,-9232.88
1064.84,96.21,-8837.9
1409.98,85,-9183.17
761.49,90,-10126.53
1129.05,100,-8682.08
-514.31,120,-8815.9
905.58,95,-9829.11
1813.43,75.4,-9445.95
-1234.58,130,-8528.1
-987.24,130,-8507.99
-1364.94,125,-9091.77
-2945.44,125,-9276.46
-1143.56,130,-8592.8
-1896.22,130,-9148.38
-1277.31,125,-8857.93
-1711.84,131.18,-8888.21
-1588.67,105,-10392.36
-1784.37,120,-9439.82
-2166.11,130.03,-8849.67
-2415.21,135,-8727.46
-1997.75,125,-9424.08
-480.72,107.33,-9476.71
-1024.81,125,-9023.55
-1731.2,135,-8471.87
-2044.9,140,-8361.19
-1862.14,120.07,-9511.41
-2245.24,130,-8912.15
-700.69,100.07,-10087.29
-1038.62,130,-8755.62
-2030.29,130,-9096.42
-1600.28,125,-8928.74
-566.53,135,-8013.26
-1335.36,140,-7920.24
-1200.37,110,-9930.69
-1910.04,133.08,-8819.16
-1211.56,125,-8905.75
-2208.46,125,-9400.4
-766,130,-8583.88
-1882.92,125,-9412.05
-3268.91,135,-8811.02
-1783.98,123.4,-9253.26
-861.58,120,-9336.63
-810.69,120,-9201.79
-1611.72,100,-10813.41
-900.63,105,-10332.15
-950.09,130,-8760.8
-666.54,130,-8593.74
-2086.64,130,-8924.54
-1879.99,110,-9806.29
-1404.06,120,-9262.15
-1650.89,135,-8796.48
-3925.95,130,-9367.27
-4084.3,120,-10034.09
-2049.15,140,-8332.5
-3027.32,140,-8590.08
-4401.75,120,-9776.44
-1926.29,140,-8349.48
-2406.38,130,-8974.57
-3115.15,140,-8579.37
-3838.12,119.13,-9958.72
-3829.84,110,-10504.11
-4131.91,120,-9839.69
-3337.67,135,-9106.42
-2761.8,130,-9080.07
-3515.12,130,-9229.15
-3142.04,135,-8843.82
-1921.21,130,-8891.63
-3836.67,110,-10396.2
-2512.12,125,-9364.44
-3671.21,110,-10704.88
-6535.4,145,-7783.67
-4953.29,165,-5796.19
-6789.3,150,-7231.65
-6125.87,155,-6678.11
-6268.5,150,-7069.66
-5038.26,160,-6005.41
-3953.74,185,-4820.13
-4946.72,180,-4788.16
-4628.05,165,-5600.85
-5289.82,180,-4435.72
-4293.49,185,-4883.72
-5612.33,180,-4373
-6332.01,175,-4468.79
-5584.6,172.45,-5125.48
-5097.87,185,-4038.55
-5603.86,180,-4497.39
-5436.5,175,-5095.87
-5314.27,175,-4984.58
-4726.65,180,-5007.8
-5197.73,165,-5553.54
-5034.12,185,-3975.06
-4607.09,170.18,-5497.04
-4742.53,185,-4077.94
-4424.84,185,-4738.68
-4285.79,180,-5218.35
-4788.79,184.93,-4711.96
-5111.48,168.23,-5467.66
-4872.25,185,-4181.55
-5167.28,180,-4543.42
-3324.81,190,-4953.53
-4380.88,180,-5183.6
-4577.5,185,-4541.18
-4015.63,185,-5014.71
-4680.55,180,-5184.77
-4163.09,185,-4895.41
-3471.9,190,-4644.08
-6300.76,165,-4814.82
-4996.56,173.71,-5316.29
-4399.63,185,-4792.85
-4838.51,180,-4995.38
-5294.08,180,-4500.97
-4576.96,185,-4713.13
-3224.71,195,-4521.42
-5743.59,170,-5113.55
-3942.51,190,-4509.71
-5090.89,180,-4998.97
-3951.46,185,-4941.82
-3990.8,185,-4914.29
-4703.68,185,-4033.82
-6062.33,205,-1226.61
-5702.5,195,-2642.44
-6127.36,200,-2103.39
-5746.12,208.59,164.09
-4990.55,210,825.25
-5642.63,220,1450.68
-4824.73,218.77,987.67
-5420.51,205.11,-228.37
-5320.38,205,17.72
-5735.89,207.83,171.66
-4610.86,220,1206.1
-5229.07,210,682.41
-3643.71,206.42,985.81
-5625.68,210,650.47
-5684.17,205,526.32
-4131.86,215,1053.94
-4657.35,215,1767.62
-4592.44,215.06,1442.15
-5540.56,210,782.7
-5392.51,200,3275.83
-4867.59,196.75,4032.53
-5214.49,200,3489.28
-5242.4,200,3560.67
-4773.1,220.1,1201.04
-4685.7,215,2007.53
-6314.44,195,3588.2
-6409.02,184.1,4106.39
-4281.89,210,2270.55
-5297.79,200,3723.39
-4724.96,215,1895.18
-5481.33,195,3924.44
-5502.66,195,3252.73
-4866.56,199.44,4005.65
-4715.17,205,3461.87
-4894.57,200,3244.78
-5088.58,200,3683.1
-6107.01,195,3242.26
-4831.26,201.45,3785.46
-4765.43,203.46,3198.46
-5068.2,200,3170.96
-5887.49,185,4290.17
-4153.6,210,3437.13
-3916.27,215,3353.28
-6182.79,195,3120.25
-4298.43,205,3988.36
-4447.75,202.11,4018.8
-5025.73,190,4258.23
-4475.88,202.1,3928.97
-4792.76,205,3261.86
-6198.96,195,3316.52
-5208.59,175,5501.72
-4849.74,180,5803.5
-4170.38,190,5646.68
-4768.36,179,5860
-4536.43,175,6507.64
-3794.97,180,6536.53
-5826.64,165,6362.92
-6208.14,155,6301.33
-4193.41,180,6334.19
-4928.31,181.69,5783.15
-4833.39,173.1,7318.99
-4847.39,185,5748.41
-4907.84,175,6412.59
-3860.23,190,5480.09
-5350.53,175,5501.08
-5316.95,175,5389.55
-4971.11,185,5695.95
-5050.56,185,5700.91
-4666.77,175,7203.23
-3246.09,180,5925.58
-4260.82,190,5514.18
-3938.68,180,6568.44
-5017.38,185,5633.78
-3962.23,190,5424.86
-4531.61,185,5582.1
-3875.52,190,5699.98
-6385.72,176.43,4549.69
-4855.18,165.95,7540.5
-4733.96,175,6371.56
-6367.19,155,6351.24
-4329.22,210,3841.85
-4528.25,184.84,5751.56
-5458.68,195,3936.7
-3020.63,190,5516.94
-5162.32,180,5590.33
-5552.98,165,6806.3
-4587.8,185,5492.76
-4462.67,185,5416.23
-5440.83,175.7,5293.05
-3765.93,180,6354.82
-5190.29,175,7095.65
-4824.71,175,6048.61
-5053.09,185,5605.73
-5378.31,175,5619.14
-5447.18,165,6006.42
-3511.73,215,3468.6
-2555.52,200,3945.87
-2418.31,210,2797.84
-1994.23,190,4933.34
-1384.13,190,4423.09
-2569.35,190,5213.33
-2156.4,190,4628.67
-3159.01,190,5116.41
-1819.55,200,4111.6
-2532.35,200,4337.43
-2536.35,190,4642.83
-3917.58,199.71,4052.92
-2297.37,190,4653.26
-2390.54,200,4147.92
-3328.13,190,5372.07
-2230.56,190,5194.23
-2472.03,180,5682.11
-3174,190,4964.62
-1639.7,190,5169.03
-2023.53,189.11,5408.92
-2687.6,193.29,4604.67
-1590.65,190,4584.95
-1979.6,190,4657.55
-2531.06,190,5078.22
-1991.89,200,3919.6
-2101.01,190,4644.3
-1091.04,185,4529.67
-2503.73,210,3182.63
-2899.09,200,4504.4
-2731.39,190,5150.02
-2488.97,190,5106.35
-2602.72,185,5631.91
-2198.93,210,2686.4
-2398.13,190,5158.54
-2502.76,210.28,2877.16
-1984.53,190,5379.88
-1008.34,185,4383.97
-2464.97,205,3777.03
-1906.47,190,4881.76
-709.57,200,2155.04
216.65,190,2610.44
-779.54,200,2599.85
-460.34,190,2853.08
-1010.49,190,3971.76
36.35,190,1818.6
789.04,175,2725.23
-836.49,195,2959.5
1346.86,171.83,2634.89
-1612.28,200,3541.27
732.04,165,5273.01
-1129.38,190,3932.35
567.97,190,1749.46
251.2,185,2702.28
-381.86,195,2442.77
351.61,180,2845.81
-161.58,165,5192.25
-863.35,187.13,3978.73
135.02,190,1980.37
219.41,180,2887.3
-810.04,180,4396.76
2635.08,165,2577.39
3574.2,160,2218.59
2470.48,162.95,2838.13
2261.98,170,2374.04
2924.87,150,5678.6
3416.19,160,2519.8
2290.54,170,2263.76
2649.82,168.54,2514.81
2530.71,170,2282.49
4951.1,120,5674.28
4498.6,149.5,2056.42
9940.87,60,1316.3
9883.26,35,-369.34
9583.74,60,1290.98
9482.43,60,1945.61
8960.07,70,2035.49
10499.19,55,1887.17
9729.45,55,669.57
10547.6,55,1960.24
10047.75,55.22,2062.8
10030.4,56.96,1279.66
9035.84,65,1263.21
10270.14,45,639.47
11004.97,45,1542.75
9138.2,61.18,1075.87
10150.02,35,54.1
9667.62,60,1390.46
10242.08,50,1122.88
8419.31,72.92,1429.21
9668.83,60,1339.17
10390.99,35,114.59
9693.92,55,764.92
10434.44,55,1823.27
9911.91,60,1446.85
8985.59,65,358.49
9287.27,60,1677.23
9266.87,55,86.47
9482.22,60,1340.53
9888.12,60,1118.47
10419.95,50,1004.99
9258.08,60,996.19
9680.63,55,812.98
10851.82,30,731.13
11224.81,28.87,1138.73
10407.19,35,577.14
10597.8,50,1348.24
10803.81,45,1347.41
11018.54,40,1257.09
8423.5,65,726.97
7401.52,90,827.71
7977.67,85,1516.77
7416.6,95,1661.82
7891.14,72.61,476.12
7171.63,92.84,739.61
7434.29,90,670.7
8704.15,65,489.01
7313.92,90,927.56
8330.28,45,-1387
8609.91,65,380.83
7774.31,85,1598.69
8070.68,70,512.96
7385.92,90,753.34
8982.58,60,-14.74
9980.81,50,513.11
8016.39,75,720.39
7413.09,95,1564.95
7751.34,50,-1228.65
8157.43,80,1299.26
6755.93,110,1511.79
7790.28,85,1684.65
8045.55,70,516.46
8183.96,81.6,1639.55
6855.85,85,-925.54
9712.8,55,648.15
8250.14,65,493.61
7547.96,90,1252
7806.45,85,1430.29
5598.22,130,1557.92
6232.61,121.74,1383.54
7838.25,85,1354.66
6064.28,125,1391.89
6795.56,110,2057.18
6405.59,120,1806.99
6357.19,120,1843.7
4444.26,145.57,1156.2
6287.34,120.02,1400.23
6802.51,105,893.3
6713.71,110,1833.5
6687.78,111.22,1479.39
5067.88,140,1608.43
6260.98,121.89,2120.07
6222.58,116.39,713.94
5514.8,130,1423.31
6518.61,115,1372.88
4601.44,145,1357.43
5779.16,125,2200.88
6294.08,125,1558.08
5966.33,125,1952.69
5882.59,130,1352.92
5376.01,135,1267.94
5827.59,127.24,1787.01
6305.07,124.49,1578.82
4684.64,145,1582.37
7266.11,100,2443.97
5752.45,130,1390.46
6498.98,115,1559.22
7076.31,100,1319.82
7032.6,100.43,1604.3
6534.53,115,1135.81
5945.86,130,1319.11
4771.14,142.89,824.7
5805.69,125,782.93
7077.26,100,1082.74
6353.98,120,2164.97
6896.25,105,1131.04
3788.64,155,2237.85
3611.98,160,2081.19
3921.79,155,2212.3
5076.79,140,1558.85
4892.17,140,1787.7
3482.74,160,2047.02
2441.51,170,2265.44
4953.06,140,1213.15
4945.34,140.47,1009.22
3922.87,157.71,1697.72
4830.28,145,1339.56
5697.88,130,1553.41
4366.67,150,1248.77
4450.2,150,1874.38
4729.34,145,810.8
4534.25,145,1284.05
4340.96,150,1819.4
3932.13,155,1745.37
4873.85,140,1932.05
5046.73,140,2044.26
936.46,185,1828.5
864.85,175,2478.74
2505.72,170,2108.7
1294.93,175,2275.06
1729.44,175,1801.61
1728.16,175,1956.26
1805.99,175,1983.47
1242.32,185,1626.16
1434.9,175,1849.41
2099.33,170,2198.8
1446.83,175,1908.87
1612.33,175,1810.99
1344.71,175,2028.12
1271.9,172.35,2704.64
2239.53,170,2218.11
-1543.41,215,2244.62
-1418.17,220,1266.06
-233.98,190,2632.96
-1749.62,220,1947.42
-1054.21,210.92,1444.97
-1135.84,210,1961.34
-862.61,210,1515.58
-502.46,190,2978.06
-1377.69,205,2941.26
-1136.81,205,2500.84
-2455.8,230,1448.76
-144.68,190,1761.23
-75.69,190,2181.89
-1344.42,205,2474.86
-41.9,190,1982.62
-2235.85,225,1265.38
-991.18,215,1368.73
-1862.64,225.95,1690.5
201.32,190,2145.62
-1398.26,215,2107.46
-1043.59,204.36,2571.13
-302.56,190,1932.33
-1869.96,215,946.42
-331.09,195,1671.09
-1202.33,210,1647.51
-1965.87,210,387.93
-427.67,196.94,2091.7
-888.43,210,1668.35
-1852.1,225,1448.36
-1706.45,205,3045.62
-2940.66,220,1359.18
-1754.64,221.21,1212.15
-2896.19,213.41,930.25
-3089.16,220.63,2093.68
-1074.41,220,1196.03
-3567.39,215,1352.74
-1781.84,220,1024.75
-2429.86,215,1008.81
-2340.42,220,1228.64
-2701.36,215,1015.52
-1434.01,220,1214.77
-3676.86,225,2018.75
-2020.97,219.98,899.8
-2873.38,215,1146.8
-2723.91,216.99,1219.88
-3301.21,220,1527.45
-2807.64,230,1854.37
-2726.28,230,1888.42
-3971.07,210,1235.8
-2004.02,210,611.89
-1705.23,226.92,1519.16
-2305.84,215,966.21
-3686.97,205.3,1033.99
-2619.88,215,990.93
-2638.46,220,2298.09
-1329.54,220,1248.16
-3392.74,210,801
-3588.16,215,2208.3
-2592.49,215,1176.82
-1925.96,210.37,903.73
-1944.49,210,880.39
-2359.21,205,294.65
-2358.56,230.86,1669.32
-2138.34,223.75,1125.88
-4691.13,220,1127.45
-3016.32,211.6,982.28
-3956.27,210,1236.12
-2535.68,210,430.99
-3765.63,210,1150.03
-2185.44,222.38,1326.17
-3177.66,210,830.8
-4750.37,220,1048.69
-3078.43,210,842.98
-1639.25,190,-2151.01
-1777.17,205,-646.16
-1356.6,185,-2440.88
-1852.8,205,-156.1
-1961.5,205,-515.72
-1859.9,205,-509.84
-1262.36,220,973.02
-1982.5,205,-52.25
-1834.53,205,-782.86
-1659.68,200,-1175.32
-1623.4,192.46,-1701.99
-1867.95,197,-1479.97
-1831.23,205,-672.41
-2445.34,215,705.1
-1949.19,205,-588.43
-1929.89,205,-728.59
-1828.26,200,-1080.4
-1833.24,205,-650.01
-331.72,175,-2601.89
-883.67,185,-2008.59
-522.54,175,-2378.76
2712.62,190,-1362.4
2909.16,150,-2171.67
2367.92,155,-2046.06
2612.08,171.68,-1683.19
1940.44,180.55,-1694.52
2576.27,189.04,-1554.82
1868.11,170,-1993.04
2247.54,200,-1478.38
2129.98,160,-2401.36
4643.31,110,-2051.41
4996.87,106.5,-1367.5
5672,110,-930.21
6237.56,90,-1259.14
4579.28,110,-1920.89
6614.54,100,-802.62
6144.27,98.35,-1166.49
6717.11,90.3,-947
7089.5,55.39,-1296.14
5375.27,100,-1411.11
6423.28,100,-793.46
4595.51,140,-891.76
5658.06,110,-915.64
4484.53,115,-1581.28
4325.4,140,-1156.33
5226.85,96.91,-1580.9
5074.37,100,-1526.29
6148.88,105,-936.04
4619.98,140,-887.41
3831.16,150,-1248.61
4860.47,123.96,-1055.21
5345.04,100,-1474.45
4628.53,110,-2335.62
5220.48,93.34,-2166.65
4912.93,125,-1023.94
5463.2,95,-1814.58
5390.1,95,-1706.21
4491.86,148.8,-662.01
5020.74,125,-850.19
4100.7,144.18,-1304.11
6194.08,105,-904.28
6167.91,105,-865.91
7904.76,50,-1099.77
8389.83,40,-1929.93
7854.59,49.54,-1588.5
10009.91,32.52,-1074.77
10079.64,30,-1056.75
7982.33,50,-953.61
7519.29,50,-1152.01
8203.34,40,-2032.43
7056.81,55,-1721.49
8403.28,40,-1976.66
8288.52,40,-2419.32
8226.69,43.24,-1767.63
8016.3,40,-1922.53
7279.63,77.92,-660.41
8576.69,35,-2349.95
7523.75,50,-1029.73
7805.84,50,-1547.85
8479.55,35,-2845.87
8650.62,35,-2302.69
7176.54,55,-1666.63
8060.81,43.9,-1811.01
8407.27,40,-1808.82
8226.04,40,-2207.12
8477.14,35,-2381.16
10789.64,20,-997.96
10709.77,20,-1344.24
10650.06,30,-445.42
10435.5,25,-1226.7
10506.93,35,153.52
10958.9,20,-1192.74
10586.59,35,402.57
10270.33,35,-641.38
10409.77,25,-1546.42
10367.06,22.23,-1827.73
10268.67,35,-227.81
10633.45,30,-95.12
9729.19,32.08,-1210
10342.48,35,-294.42
10681.78,30,-445.84
10984.59,20,-899.03
10320.64,25,-1767.43
10964.18,20,-663.97
10600.28,25,-1064.69
10222.99,27.7,-1020.95
10149.27,15,-3075.16
10864.66,20,-1036.62
10287.5,25,-1428.23
10568.23,30,-684.7
10503.5,30,-696.34
10195.92,35,-649.8
10838.76,30,-322.58
10402.48,25,-1000.01
9749.04,35.1,-627.37
10953.35,20,-1249.16
10501.67,25,-1049.18
9934.74,26.53,-1772.88
10043.31,20,-2941.05
10216.63,25,-1774.51
9955.11,25,-2067.32
10383.37,20,-2220.66
10644.13,15,-2563.1
10595.91,10,-3149.56
6814.21,45,-3466.81
6630.6,61.94,-2398.44
8059.55,35,-3295.21
7526.45,41.45,-2685.49
7536.14,40,-3299.61
6823.65,46.44,-3185.65
5695.98,80.4,-3562.69
7358.35,45,-2813.84
7289.38,45,-2858.17
6912.78,45,-3121.19
7912.4,40,-2620.8
7348.75,45,-2245.36
8252.18,35,-3114.54
7471.88,40,-3364.55
7056.62,45,-3424.87
7689.74,40,-2936.57
7259.6,45,-2168.96
6752.83,45,-3424.91
5574.03,95,-1873.35
3388.97,145,-3397.08
4746.58,110,-2726.96
4944.64,100.54,-3244.92
5587.9,85,-3167.51
4478.24,115,-2787.85
5844.38,80,-2859.68
4072.5,127.75,-3213.26
4918.94,100,-3689.65
3919.85,120,-2277.64
5127.2,97.28,-2568.87
4186.14,120,-3100.84
4743.22,110,-4497.45
5973.35,75,-3359.64
4877.76,100,-2893.67
5312.28,95,-1778.85
4429.28,122.07,-4132.34
4583.64,110,-2769.08
5800.41,80,-3167.43
5570.03,90,-2826.72
4785.96,106.4,-3383.44
4949.17,100,-2811.95
5465.82,90,-2572.49
5529.98,85,-3603.88
5894.16,80,-3133.74
4826.15,104.77,-2840
4741.77,110,-4760.65
5525.79,85,-3246.66
4176.93,135,-4373.19
5268.11,90,-3214.19
4839.34,101.07,-4104.63
5421.9,90,-2588.5
5449.55,85,-3235.77
6904.66,45,-3065.22
3773.11,140,-3508.39
5561.72,85,-3645.95
4952.24,100,-3961.26
5075.21,100,-3375.1
4559.51,110,-2291.06
4740.98,105,-2340.45
5111.45,98.85,-2733.78
4315.88,120,-3260.03
1290.55,160,-2998.99
2661.9,150,-2739.98
2180.01,160.62,-1943.8
1721.3,155,-4366.11
2310.6,150,-2414.22
2289.23,155,-2954.64
3056.96,145,-3220.35
2189.49,150,-4222.89
2116.53,155,-4041.36
2994.64,145,-3129.91
1348.13,160,-3002.45
2173.36,155,-3948.46
1614.19,155,-3183.08
1897.47,160,-2502.51
1990.07,155,-4194.58
1823.26,155,-4057.32
2241.37,150,-4153.95
2304.03,155,-3015.93
2644.09,150,-3038.05
3668.72,140,-3683.46
2016.74,155,-3405.3
2919.21,150,-2405.94
2421.02,155,-3636.48
2552.4,150,-3759.01
2391.24,150,-3958.48
3511.58,145,-3634.02
2834.17,145,-3372.09
2762.12,145,-4100.55
2103.54,155,-3632.62
2248.31,150,-4206.21
3103.36,145,-2734.39
2024.41,150,-4401.32
1451.14,155,-3905.15
2808.23,150,-2931.05
1889.83,155,-3028.61
2922.82,145,-3109.73
2973.43,145,-3234.92
1521.86,155,-3294.04
1813.24,155,-4053.91
2170.91,150,-4736.92
2249.33,155,-3098.89
2433.74,155,-3148.22
2000.56,165,-2094.36
1476.84,155,-3801.67
3175.88,145,-3206.93
-882.32,170,-3193.55
113.44,165,-3564.29
-1627.63,195,-4238.91
-138.38,170,-3082.57
-1527.2,185,-2386.73
-1086.06,165,-3552.53
-987.17,165,-3756.36
-516.22,165,-4124.83
-15.79,165,-3520.92
-1199.54,174.95,-4101.12
-958.12,170,-3164.91
-1729.59,190,-3180.05
-160.41,160,-5008.68
-518.69,165,-3977.68
-759.94,165,-3637.65
-883.07,170,-3141.93
21.8,165,-3939.99
-241.92,169.3,-3156.96
-196.51,160,-4656.69
-1017.97,183.86,-2311.35
-176.3,174.66,-2803.41
-470.1,165,-3618.99
-759.61,170,-2958.13
-1177.43,185,-2489.1
-568.37,175,-2707.86
-1698.41,189.84,-3130.04
-302.28,165,-3569.34
-318.05,165,-3823.86
-1175.32,170,-3546.33
-250.16,175,-2739.27
-470.44,165,-4079.31
19.67,160,-4660.61
-608.14,170,-2983.87
-47.85,165,-3187.95
-417.29,165,-3953.03
256.01,160,-4323.08
-329.6,165,-3631.11
-1072.3,180,-2685.47
-850.58,170,-3305.1
-584.28,170,-3002.96
-1729.13,190,-3237.39
-1218.5,180,-3120.62
-3407.74,191.98,-4430.2
-2853.8,190,-5008.73
-1581.47,180,-3080.96
-1065.7,175.91,-2956.55
-1723.76,185,-2443.42
-2576.33,195,-4482.78
-1706.94,190,-3077.5
-1117.69,171.85,-3099.16
-2674.53,195,-4705.75
-3072.86,190,-4909.29
-1593.27,185,-2749.44
-2831.22,195,-4279.18
-2099.67,200,-4327.34
-3018.58,172.22,-5927.78
-4215.54,180,-5242.87
-3011.45,180,-5495.63
-3251.49,180,-5520.05
-2643.17,160,-6899.78
-3778.99,185,-5343.17
-2917.15,184.21,-5407.87
-2560.53,179.75,-5641.93
-2448.47,180,-5383.72
-1554.4,180,-5911.5
-2231.62,193.16,-5007.79
-2611.42,183.85,-5461.48
-997.2,170.81,-5344.72
-2123.56,200,-4170.32
-1380.94,183.09,-5336.94
-2754.23,175,-5835.85
-2277.77,200,-4168.68
-1862.72,185,-5418.77
-2970.05,172.01,-5923.68
-1521.86,176.8,-5953.87
-2356.2,180,-5422.24
-2734.8,185,-5462.39
-3609.51,180,-5532.94
-2566.3,181.38,-5486.23
-2364.12,175,-5842.42
-2204.11,200,-4299.67
-1224.41,177.44,-5589.21
-2377.12,200,-4443.23
-1393.44,165,-6339.85
-2299.67,175,-5858.87
-2486.35,183.64,-5275.89
-2574.51,185,-5256.53
-2232.47,195,-4742.23
-1429.57,165,-6674.96
-2584.51,170,-6094.03
-2776.67,182.04,-5529.57
-1180.39,175,-4979.61
-2508.84,200,-4252.81
-2477.47,190.46,-5158.97
-2212.27,165,-6450.18
-2267.14,165,-6562.55
-2838.39,180.46,-5506.97
-2405.88,165,-6653.23
-2638.59,175,-5665.77
-2356.03,195,-5058.17
-4021.22,165,-5991.68
-2145.44,170,-6226.17
-2424.72,165,-6394.55
375.28,160,-5144.51
-890.49,156.44,-6735.57
237.08,140,-7263.15
243.44,145,-7081.91
106.57,160,-5349.75
1119.88,145,-6353.2
-274.83,160,-5976.38
2221.17,140,-6672.85
74.71,135,-7874.5
1374.24,140,-6762.27
750.26,140,-6790.62
-5.32,160.53,-5394.01
296.75,140,-7314.33
577.58,136.62,-7233.82
-496.11,160,-6426.11
1177.85,145,-6244.32
245.4,145,-6858.41
-163.5,165,-5420.05
673.21,140,-6778.36
-367.69,165,-5748.86
1696.33,140.37,-6637.89
538.91,134.06,-7420.53
347.32,115.27,-8727.19
707.06,135,-6928.07
2126.86,135,-6898.01
-1164.81,160,-6479.73
736.8,140,-6736.57
104.2,125.56,-8444.44
-725.54,170,-5882.97
-877.69,161.28,-6185.09
2744.42,110,-7623.98
2030.38,145,-6293.04
3591.57,125,-6930.4
3105.07,140,-5244.26
2663.21,145,-6140.07
2228.89,145,-6073.38
1885.82,150,-5068.82
2523.82,144.08,-6359.21
2256.02,145,-5539.09
3233.34,140,-5828.7
2320.12,130,-7229.4
2392.57,140,-6600.55
2652.02,124.8,-7332.52
3200.86,140,-6264.51
3471.24,140,-6049.89
2249.75,135,-6832.03
3182.86,140,-5529.4
2553.69,150,-4932.62
3186.16,110.13,-7398.72
2290.71,145,-6184.04
2571.82,145,-6052.99
3058.13,125,-7089.36
2653.3,129.67,-7182.3
2389.33,140,-6722.8
2474.73,140,-6433.96
2068.98,145,-6002.6
3505.37,140,-5778.62
2837.96,145,-4820.38
1967.82,115,-7842.81
2604.3,150,-4947.74
2496.47,150,-4369.71
3646.75,135,-5330.82
2557.54,145,-5843.81
1661.98,145,-5604.35
2242.29,140,-6441.02
2545.67,145,-5535.12
2623.93,140,-6605.3
4109.2,125,-6598.64
1733.84,150,-4864.94
2963.69,140,-5668.94
2810.8,140,-5272.12
2576.63,140,-6465.81
2601.01,150,-4158.91
1797.44,145,-5762.84
3857.03,135,-6120.45
4058.86,125,-6685.22
4439.95,131,-5361.49
4133.62,131.64,-6154.68
3917.23,130,-6470.54
4020.33,60,-7795.63
3777.29,47.27,-8584.65
3991.45,120.15,-6748.52
3752.41,60,-8047.13
4000.53,62.44,-7625.64
3749.94,45,-9144.64
4006.16,60,-7789.73
4059.42,65,-7345.7
3120.35,91.16,-7649.24
3616.6,120,-7096.4
3613.49,119.24,-7107.59
3627.21,45,-9166.27
3026.63,80,-7996.41
3902.98,59.37,-8056.32
2315.66,115,-7642.77
3092.17,68.76,-8070.22
3985.48,51.45,-8109.81
3492.19,55.78,-8557.02
2556.75,114.32,-7717.05
3959.26,97.98,-7060.1
3861.12,78.89,-7297.24
2851.62,75,-8339.75
4302.85,35,-8617.42
3971.22,45,-8963.42
3470.32,132.97,-6482.04
3558.93,130,-6673.75
2829.73,67.03,-8605.79
3808.38,45,-8592.7
1060.98,138.83,-6922.66
220.74,145,-7076.05
1098.37,130,-7321.46
1251.47,135,-7001.46
1182.33,115,-8216.53
517.88,140,-7145.71
720.97,140,-6636.86
383.77,141.62,-6998.47
816.04,130,-7394.26
993.69,120,-7955.22
1134.02,150,-6088.45
-69.88,145,-7260.99
-633.71,138.37,-8036.26
150.19,120,-8709.76
2024.99,145,-5801.84
2782.29,125,-7191.9
1018.23,135,-7065.87
960.45,124.01,-7659.93
1889.05,120.35,-7496.52
1166,96.33,-8786.69
916.24,140,-6736.53
661.74,139.77,-6852.29
414.05,140,-7247.85
1221.19,120,-7822.26
2030.31,135,-6800.21
944.57,125,-7648.11
1013,93.83,-9261.74
1240.94,105,-8484.62
503.01,140,-7197.93
-328.45,157.85,-6295.19
2482.74,145,-6226.09
937.18,140,-6866.92
789.07,116.66,-8394.37
2110.7,104.31,-8056.86
959.62,95,-9098.88
1375.43,140,-6919.55
697.93,104.95,-9050.48
539.46,115,-8789.78
121.79,140.65,-7143.5
2699.91,115,-7421.24
1518.06,135,-7140.32
791.64,140,-6877.41
534.47,135,-7315.53
-107.36,140,-7473.42
-2849.87,155,-7300.32
-2951.69,155,-7214.83
-2073.46,160.33,-6896.71
-2771.99,132.14,-8778.63
-3072.03,155,-6932.69
-1808.63,160.26,-6944.38
-3622.17,170,-5782.62
-3029.3,160,-6618.92
-3277.58,180,-5752.82
-2812.14,170,-6032.84
-3007.49,140,-8457.12
-3273.56,167.36,-6222.22
-2705.05,159.17,-7008.29
-2894.66,175.83,-5841.68
-2114.44,160,-6989.35
-2585.37,160,-6896.99
-2910.83,160,-6910.11
-3230.96,160,-6382.09
-2746.45,155,-7069.47
-3039.63,190,-4963.87
-2805.23,155,-7255.81
-3066.51,165,-6064.33
-2174.99,160,-7125.46
-2867.33,155,-7088.82
-3277.08,180,-5550.33
-3050.74,163.76,-6412.44
-1338.26,163.06,-6769.36
-3102.47,165.25,-6051.72
-1994.31,185,-5149.14
-513.45,165,-3627.22
-28.36,160,-4919.5
-1412.75,190,-4902.48
-1893.86,185,-5291.66
60.62,160,-5040.56
-1237.78,175,-5303.38
-1310.85,183.88,-4427.99
-226.48,165,-5388.72
-584.2,170,-5867.19
-3.46,165,-4083.31
-974.09,170,-3952.48
-1425.83,190,-4861.84
-404.21,160,-4574.19
-1895.71,180,-5714.37
-1401.23,190,-4898.82
-1126.5,160.79,-6365.58
-1623.73,195,-4712.04
-1092.47,170.13,-4698.73
-1812.9,195,-4736.82
-1144.24,172,-5879.98
-1421.79,191.63,-4833.75
-2002.18,180.44,-5445.64
-462.97,160.03,-4449.73
-1241.94,179.19,-4424.09
-597.47,170,-5862.35
-1879.98,195,-4767.4
-798.16,165,-4662.09
-593.02,170,-5064.78
-650.56,170,-5116.65
-1418.86,181.89,-5565.24
-1640.37,192.99,-4070.14
-817.04,165,-3461.24
-2411.18,195,-5050.69
-1008.37,174.64,-5303.64
-991.18,175,-4517.33
-1272.59,175,-4069.42
-1256.83,175.68,-4820.67
-1562.02,180,-5743.38
536.25,160,-5075.48
-2435.12,173.01,-5919.85
-1043.99,170,-4179.45
88.23,160,-5151.43
-1130.77,175,-5597.42
342.19,160,-4280.16
-2397.2,195,-4740.44
-1534.79,185,-5139.33
-1124.48,175,-4645.52
-1684.14,195,-4603.41
-1333.85,170,-6011.49
1769.99,155,-3662.18
2088.19,150,-4682.5
1779.25,155,-3589.77
363.66,160,-4218.63
2504.21,145,-5253.12
2745.8,145.42,-4402.9
42.48,160,-4884.48
2143.55,155,-3697.33
1842.88,155,-4147.77
1541.33,160,-2767.11
1486.57,155,-3207.79
1740.35,155,-3305.6
2374.16,150,-4810.12
2099.78,150,-4899.58
3127.17,145,-4642.64
1325.55,148.82,-6161.8
1926.07,150,-4902.93
1893.45,150,-4659.75
2003.45,155,-3193.08
1865.27,150,-4855.46
476,160,-4888.21
1855.57,152.98,-4470.23
1778.46,150,-5285.17
2593.42,147.18,-3715.21
1816.05,155,-4139.43
1694.21,155,-3377.42
1259.03,156.44,-3285.65
3488,140,-4726.19
1775.43,155,-4339.57
2366.47,150,-4420.43
2171.64,150,-4561.45
2767.83,145,-4460.96
3701.16,135,-4537.18
2828.02,145,-4645.34
1765.65,150,-5115.75
2924.39,140,-5163.83
1664.11,155,-4289.23
2189.87,145,-5329.98
1515.13,155,-3214.48
1706.87,155,-3787.72
3972.56,135,-4719.98
3647.96,135.2,-4780.22
3678.73,135,-5394.62
4809.12,104.09,-4066.81
4575.44,117.46,-4304.25
4540.1,122.73,-4897.58
4363.16,135,-4792.74
4789.7,106.03,-4225.83
5034.24,100,-4233.28
5109.77,95,-4042.74
4691.04,110,-4445.41
4002.41,140,-4216.44
3661.39,135,-5303.16
4245.82,125,-3461.28
4062.85,135,-4846.78
3423.77,140,-4991.73
3668.17,140,-4361.17
3666.7,135,-4937.54
4238.71,135,-5652.97
4976.57,100,-3831.25
5027.93,100,-4327.5
3222.1,145,-4602.38
4244.03,130,-3780.28
3294.94,145,-4670.16
4623.27,117.67,-3574.06
2851.46,145,-4775.52
4565.33,118.82,-4403.58
4637.24,115.1,-4738.27
4292.99,120,-3014.09
3891.59,135,-6273.84
3662.97,135,-5374.08
4628.41,115,-4261.26
4109.73,135,-5205.1
4541.94,121.61,-4881.77
4216.22,135,-5599.17
8686.95,30,-3583.16
7521.95,40,-2827.26
8692.74,35,-2976.3
8497.78,34.15,-3408.5
8459.95,35,-2269.99
10280.53,25,-1588.42
10272.22,27.78,-956.36
9302.48,40,-367.18
9575.7,40,-134.69
10447.94,20,-1802.26
11041.27,15,-2281.76
7973.41,45,-1740.55
9442.59,40,-430.99
8131.51,40,-2605.81
8393.9,40,-2006.44
9419.56,40,-272.22
10235.07,25,-1633.69
9561.02,40,-37.9
10165.41,28.46,-1200.52
8126.44,40,-1880.87
9982.14,15,-3269.59
10854.74,19.53,-1741.89
8709.82,35,-2154.81
5718.01,85,-2203.09
5447.33,97.66,-1523.43
6520.46,95,-1016.98
5820.61,82.36,-2776.37
6179.35,75,-2604.84
7048.74,50.13,-2092.03
4557.71,110,-1659.14
6049.12,105,-744.67
6336.98,85,-1689.62
5733.25,86.68,-2784.48
5093.3,115,-1111.01
5737.15,90,-1723.48
6884.1,60.21,-1697.88
6078.65,90,-1363.28
5855.2,85,-2287.37
5893.6,85,-2565.07
5842.46,90,-1850.27
7640.42,50,-1619.1
5462.03,95,-1767.09
5947.54,90,-1510.56
5983.56,105,-818.34
5314.67,95,-1628.41
7047.52,50,-2154.12
6104.77,85,-1595.07
6387.45,87.51,-1221.43
6379.15,82.09,-1355.08
6951.19,59.88,-1730.91
5913.07,85.89,-2191.07
5591.86,95,-1590.42
4968.38,125,-899.08
6120.17,80,-2247.09
6891.44,60.86,-1478.15
5120.32,100,-1432.79
6146.74,90,-1345.44
7097.21,55,-1406
6050.34,90,-1315.44
4996.12,95.39,-1663.44
6749.74,80,-1155.85
5565.03,90,-2446.8
6038.6,100.53,-1144.65
6192.81,85,-1428.89
6749.61,75,-1532.66
5526.94,95,-1616.02
5552.21,120,-735.64
4775.92,124.52,-1328.89
5811.08,90,-1860.57
3563.58,130,-2359.01
3814.23,129.41,-1558.33
2786.99,150,-2620.28
2607.24,200,-1414.78
3255.56,145,-2399.75
2672.52,150,-2249.94
3603.23,130,-1555.58
3170.28,145,-2467.73
3934,125,-1551.35
2955.42,150,-1918.53
2257.62,156.75,-2032.46
3657.62,125,-2205.35
4195.2,115.48,-1860.97
3220.3,138.97,-1660.3
3106,153.83,-1602.83
2968.28,148.36,-1751.91
2779.59,150,-2502.94
2084.26,169.8,-1825.99
2147.25,200,-1463.48
4120.2,121.98,-1530.23
2865.01,150,-2167.85
2491.61,152.56,-2074.43
2512.57,153.74,-3319.57
2639.04,181.57,-1592.13
2884.43,180.3,-1497.01
2901.69,150,-2650.11
2126.43,162.36,-1967.12
2568.35,150,-2553.03
4016.8,145,-1176.84
4740.9,115,-1571.5
3324.9,145,-2660.54
1806.77,160,-2367.54
2586.88,168.45,-1757.77
-1601.38,205,-888.28
-2319.49,215,784.85
-2665.88,210,592.77
-2376.25,215,696.51
-1964.88,205,-282.34
-1792.19,205,-843.01
-2443.65,215,1117.29
-2037.57,205,-336.66
-2009.5,225,1231.26
-2039.47,205,-326.67
-1718.69,200,-1034.48
-2293.67,215,578.38
-1566.87,200,-1301.65
-1671.27,205,477.59
-1785.99,205,-826.62
-1544.29,190,-1767.77
-2193.57,205,-193.37
-6347.56,200,-2045.26
-6453.61,195,-2080.43
-6310.39,191.06,-2639.41
-5843.05,186.85,-3531.46
-6732.15,195,-2052.19
-6534.04,180,-3454.24
-6356.37,190,-2829.14
-6569.68,175,-3920.01
-7194.92,190,-2428.21
-7053.85,176.95,-3176.67
-7353.55,185,-2800.21
-6101.7,175,-4199.78
-6729.57,195,-2087.82
-6735.75,191.43,-2362.37
-6500.36,185,-3065
-5475.57,185,-3615.39
-6024.5,205,-1391.51
-7090.46,190,-2708.95
-6962.37,175,-3406.64
-6671.23,187.12,-2782.78
-6402.21,175,-3798.27
-6345.25,190,-2760.47
-6819.91,190,-2308.24
-7463.81,185,-2655.65
-6605.81,190,-2640.08
-7333.83,185,-2840.52
-7107.2,185,-2844.36
-6111.4,201.64,-2072.24
-6269.8,180,-3585.45
-6890.71,175,-3839.39
-7504.07,185,-2835.42
-6076.31,190,-3156.91
-6727.54,190,-2634.61
-6554.19,194.58,-2640.48
-5529.97,185,-3705.74
-6257.54,195,-2243.26
-6978.73,187.87,-2894.9
-7045.38,189.67,-2857.96
-6490.97,200.9,-1336.18
-6631.32,195,-2093.32
-7287.98,175,-3226.03
-8306.33,150,-5494.47
-8921.18,150,-5755.55
-6562.5,165,-4992.58
-8616.86,150,-5422.72
-9154.31,150,-5452.68
-8005.99,150,-5715.26
-8116.85,145,-7010.13
-8430.29,150,-5688.08
-7181.19,155,-5899.38
-8188.57,145,-6669.5
-7989.92,155,-5170.96
-6705.28,165,-4645.79
-8267.78,150,-5812.43
-7784.79,150,-6283.24
-9140.92,150,-5370.09
-7559.89,150,-6094.6
-9096.15,145,-5963.32
-8018.27,145,-7351.18
-7423.81,150,-6811.46
-8963.47,150,-5487.5
-7699.77,145,-7089.23
-8341.71,155,-4986.77
-7533.1,150,-6960.22
-7905.76,150,-6563.39
-9334.02,145,-5526.38
-8849.2,150,-5444.42
-7905.48,145,-7365.76
-7936.8,150,-6636.7
-9101.29,150,-4794.84
-8271.15,160,-4892.52
-8924.99,150,-5582.31
-7159.08,155,-6178.16
-8087.87,150,-6152.7
-9015.78,145,-6627.35
-10264.37,160,-2358.47
-8470.5,185,-918.75
-8766.48,160,-3974.08
-9907.37,165,-2483.11
-8304.07,185,-1672.57
-9093.46,173.66,-2219.96
-7051.96,190,-2293.29
-8503.66,175,-2874.3
-8573.62,180,-1306.92
-8575.23,180,-2243.93
-8842.7,175,-2498.35
-9185.74,177.36,-1990.67
-9367.06,165,-2517.83
-9821.25,160,-3211.57
-8684.06,175,-2834.35
-9186.93,165,-2965.87
-8575.37,175,-2713.39
-8445.63,175,-2950.22
-8646.4,175,-2700.45
-8482.77,180,-1788.88
-8286,181.4,-1876.59
-8578.63,160,-4214.15
-6885.4,195,-2058.82
-9546.29,165,-2415.85
-8815.25,176.92,-2315.53
-6997.64,180,-3146.83
-8532.79,180,-1455.88
-8597.7,176.37,-2438.58
-7692.24,170,-3421.74
-8714.33,165,-3036.12
-7544,185,-2638.16
-9468.49,165,-3311.85
-8789.79,160,-4163.87
-8597.64,175,-2552.11
-7219.67,175,-3221.84
-8795.57,165.44,-2860.06
-7335.71,185,-2576.56
-9104.39,160,-3473.86
-8782.26,180,-1396.67
-8625.95,160,-3446.78
-8474.98,175,-2868.76
-8588.49,160.75,-3342.53
-9056.96,175,372.75
-8976.98,180,545.45
-8318.36,185,647.46
-7867.17,193.28,511.6
-7482.34,195,435.19
-8358.53,185,-173.07
-8369.16,180,-38.65
-9291.5,180,-1648.48
-8458.39,185,-812.48
-9048.17,175.18,401.99
-8629.64,189.48,-555.21
-8702.96,180,775.64
-9753.28,175,-705.05
-8099.3,194.25,-443.18
-8572.51,185.09,-400.92
-8311.11,185,-1167.24
-8480.86,181.91,-1439.03
-8186.96,185,715.95
-9583.12,175,834.21
-8504.86,185,-820.97
-8931.45,180,-2121.55
-9148.07,180,-729.27
-8410.79,185,-1423.87
-8487.61,180,473.05
-8642.04,180,694.17
-7974.59,180,79.18
-8139.74,185,482.35
-8555.98,185,-1086.19
-8327.55,185,-901.64
-8721.42,180,-1379.62
-7564.24,185,95.97
-8521.5,190,-625.59
-8587.23,180,308.39
-8537.52,185,-275.04
-8824.64,180,226.43
-8619.05,180,251.66
-8203.6,185,1312.44
-7592.45,195,-653.76
-9088.7,175,482.35
-8664.79,180,784.08
-9296.14,180,-846.91
-8514.31,190,-596.91
-8010.06,195,-855.73
-8559.75,185,-759.88
-8701.68,180,167.82
-8426.27,180,-1681.55
-8223.62,187.64,-346.48
-8322.82,190,-538.02
-8228.09,185,-72.56
-9928.74,137.13,3091.43
-7720.21,187.86,2091.61
-9441.95,150,2851.18
-7563.42,178.66,2937.03
-10025.42,135,2999.41
-9958.53,135,3090.12
-9364.9,150,3069.27
-9062.47,150,3386.99
-8945.56,166.76,1663.14
-8579.52,165,3384.53
-7986.86,175,2891.41
-10757.24,130.36,2346.41
-9508.08,154.19,2519.44
-8399.01,170,3042.57
-9038.25,150,3383.2
-9035.31,155,3006.63
-9439.96,145,3311.47
-9034.5,160,2841.5
-9124.75,165,2143.01
-9211.6,135,4561.2
-9820.62,142.1,3041.61
-8718.18,150,3819.83
-7360.18,190,2667.15
-9261.08,145,3621.14
-7468.8,185.41,2095.93
-8246.89,185,1427.8
-9132.37,164.02,2159.84
-9268.94,145,3398.27
-8646.95,160.3,3325.8
-7796.43,175,2716.3
-9609.2,150,2452.49
-7985.86,184.06,2109.41
-9526.61,145,3633.47
-8774.84,155,3067.71
-8489.29,165,3222.68
-9962.95,135,3575.82
-8904.56,149.54,3973.17
-8582.76,166.72,2422.81
-8911.25,160,2464.27
-7562.48,170,3540.32
-8827,150,3803.53
-8268.43,170,3089.18
-9043.5,150,3423.3
-8659.48,165,2220.01
-9159.01,159.1,2757.32
-9135.8,147.46,3289.62
-7964.11,175,2772.51
-10378.52,135,2672.54
-8619.57,163.04,2801.14
-7347.59,187.56,2474.38
-8650.19,129.96,5482
-10305.63,84.44,6205.94
-7834.51,140,6213.17
-8698.29,125,5219.33
-8903.18,120,5586.12
-8346.51,150,4660.3
-9109.01,120,5330.84
-9394.86,107.98,6370.2
-6956.61,140,6105.51
-9261.15,110,6238.05
-7315.38,140,6104.23
-9379.27,105,6529.53
-9920.63,85,6431.46
-9421.8,110,6257.36
-9567.1,90,6643.96
-9468.73,106.62,6333.81
-9875.44,97.46,6065.54
-8871.72,120,5397.31
-9362.22,110,6185.49
-8832.45,120,5780.96
-7913.61,131.28,6337.17
-10024.21,62.58,7222.85
-7302.99,145,5860.58
-9877.92,95,6223.47
-9799.78,85.02,6500.69
-7425.79,145,6093.23
-9318.99,93.82,6692.8
-9154.54,110,6370.28
-7631.91,140,5977.24
-9747.17,100,6340.93
-9508.03,110,6214.73
-8905.33,120,5093.4
-5676.71,165,6874.78
-6156.8,127.81,8615.06
-6151.17,153.08,7159.59
-5549.11,169.14,7208.62
-5659.03,165,7141.17
-4347.83,180,7250.33
-6013.27,162.35,6414.89
-5917.45,130,8758.23
-5067.49,175,6733.12
-5563.2,165,7036.6
-6108.8,159.12,7081.76
-5194.4,175,6309.33
-5068.79,175,7166.24
-6730.79,140,7070.15
-6510.47,150,6513.62
-5219.06,173.09,5964.34
-5192.89,172.3,7276.99
-5249.26,175,6642.68
-4423.74,180,7052.42
-6595.5,150,6342.04
-5627.91,165,6779.71
-6096.91,155.31,6309.88
-6011.7,170,5598.8
-6789.47,151.66,5683.41
-5597.05,165,6947.09
-6124.14,150,7372.57
-5993.52,164.43,6505.73
-6732.54,141.75,6851.28
-5914.92,165,6392.89
-6503.17,135,7515.84
-5420.37,165,6218.42
-6253.67,150,7095.66
-1384.14,175,6215.11
-870.74,165,6981.2
-2165.19,165,7397.85
-1092.08,165,7134.7
-1530.62,165,7510.31
-1717.41,165,7233.93
-2425.03,180,6896.93
-1284.99,174.14,6708.56
-1688.09,166.02,6989.84
-1386.12,165,6992.8
-1170.46,165,7233.95
-432.89,165,6906.77
-1419.88,175,6015.98
-872.43,175,5958.1
-457.28,165,6749.58
-346.04,175,6182.91
-821.86,160,7593.99
-1419.17,165,6926.18
-1274.9,163.28,7517.23
-717.13,170,6552.32
-1492.89,170,6891.21
-1192.42,165,7165.53
-1663.21,175,6569.9
-719.08,175,5891.31
-1044.22,170,6737.13
-505.01,165,6807.09
598.86,160,5909.28
-1058.2,175,6548.26
-1758.67,175,6530.33
-842.73,175,5968.84
-506.4,175,5918.36
-881.9,183.19,4962.82
-1500.84,175,5762.54
387.31,155.78,6192.2
-411.17,170,6483.97
1617.42,155,5585.72
904.44,155,6371.98
700.32,155,6224.94
1204.99,154.14,6408.56
2146.38,150,6585.85
1689.1,155,5612.89
-500.64,175,6347.81
1304.86,155,5851.51
1276.07,155,5844.35
855.65,155,6519.8
1729.86,150,6255
1498.18,154.39,6256.11
1814.78,150,6635.24
431.07,155,6407.52
1304.76,155,5826.03
4083.69,130.68,5909.48
4181.87,105,9440.04
8454.29,75,1697.66
8795.04,65,942.1
9596.96,65,2283.72
8933.71,70,1635.25
8542.09,75,2168.41
8833.09,65,1000.47
9258.93,69.11,2507.43
8298.54,83.74,2487.44
8986.06,75,2460.5
8733.39,75,2472.23
8151.76,85,1816.61
9368.47,65,2029.31
7740.29,90,2151.28
8641.03,69.4,1144.02
9315.58,65,2450.44
8705.76,70,1576.74
7847.14,90,2444.4
7913.69,85,1414.34
7888.88,90,2183.42
8392.25,70,1005.1
8196.46,75.2,1101.97
9034.92,75,2536.37
9143.8,65.62,2134.25
844.89,215,-317.99
1277.34,215,-693.55
713.52,215,-404.74
438.79,190,-1331.76
-856.16,195.25,-1146.3
263.11,205,927.25
872.73,210.7,-693.01
-731.97,195,-1215.96
-1067.01,205,-338.77
-639.1,205,-568.45
609.75,185,-1608.87
886.97,215,-237.82
-1586.06,204.03,-359.66
-1116.28,215,315.44
1320.91,215,-761.18
388.93,191.12,1438.77
54.58,215,714.44
857.16,205.6,-801.14
-417.02,180,-2000.36
-544.24,212.63,-129.45
396.82,195,1343.86
-462.89,220,554.21
526.58,200,861.5
513.85,185,2143.59
527.08,190,1673.54
1131.9,190,1538.03
1704.16,170,2662.34
1565.49,175,2018.88
280.95,190,2097.92
-77.14,192.71,2256.72
2481.38,170,2109.92
410.55,190,1854.19
1789.99,175,2035.54
1336.13,180,1824.96
700.3,185,2113.93
1268.75,175,2638.05
2384.84,170,1975.76
1023.02,185,1829.34
1751.09,175,2134.99
718.87,185,2004.09
2113.83,170,2128.5
1986.06,170,2664.99
3316.99,160,2145.24
2502.39,170,2375.13
-117.9,215,615.61
2218.48,170,1988.1
95.41,190,1853.47
1392.68,175,1949.53
757.32,195,1118.74
-639.85,203.99,1969.19
0.86,210,864.69
1520.49,182.95,1421.3
1391.46,175,2102.5
1449.82,175,2029.4
438.76,190,1862.49
1000.96,185,1860.81
1480.06,194.54,-1417.35
-662.5,205,-323.55
1486.93,170,-2114.2
1030.1,215,-278.25
1041.05,190,1088.71
489.05,200,734.37
338.76,190,-1222.22
1647.66,164.04,-2279.82
-563.05,205,-451.34
1201.97,215,-604.81
1269.09,210.76,-376.65
1734.34,205,-1268.77
1229.6,198,-1320
1701.96,207.44,-975.6
1409.55,210,-940.45
1066.35,215,-497.97
1333.12,210,-395.05
-65.62,215,246.9
1456.8,204.06,-1358.12
675.42,170,-2203.03
1231.25,215,-563.66
1093.55,175.58,-1894.22
-672.73,180,-2032.14
-747.36,195,-1568.21
-1291.34,199.13,-1330.96
-1342.96,190,-1892.62
-719.5,195,-1372.23
-755.84,200,-735.37
-625.71,198.05,-819.54
-1040.65,195,-1319.07
-559.45,180,-2251.25
-1830.73,195,-1558.53
-1075.73,205,-241.39
-1203.98,195,-795.31
-1390.39,204.04,-880.33
-505.9,180,-2244.96
-761.85,185,-1881.5
-1488.8,190,-1997.03
-1781.1,200,-1229.54
-439.18,178.67,-2313.26
-349.03,175,-2350.91
-998.25,195,-1545.06
-1793.31,203.38,-916.21
-1364.61,200,-1383.62
-1307.83,195.78,-1180.58
312.11,204.57,-754.28
-757.18,205,-419.61
448.56,195.11,-1098.89
-1014.97,195,-1557.41
-996.83,200,-649.7
-1165.21,186.52,-2087.36
-10702.06,44.79,9868.24
-9717.37,48.83,10011.66
-10113.42,50,10511.5
-10751.49,45,9056.12
-10696.23,45,10528.42
-9893.52,53.65,8863.5
-9889.83,45,9732.11
-8851.41,60,10407.16
-9850.24,45,9819.54
-9442.24,55,10893.21
-9119.46,55,9704.8
-10772.64,40,9815.53
-11077.59,40,9552.62
-9956.61,50,10309.36
-9536.88,55,9446.12
-9632.2,55,9247.22
-9229.23,57.63,10773.67
-9208.61,55,10849.88
-9785.1,55,9017.02
-9631.76,55,9638.97
-10111.29,50,10224.22
-8753.08,63.41,9834.12
-10779.67,45,9188.38
-8939.18,55.24,9841.58
-10114.51,50,10474.75
-9716.19,55,8951.29
-10804.17,40,9844.64
-9701.3,50,10519.02
-9307.36,55,9672.13
-9485.99,55,9752.87
-10236.41,45,9069.41
-10511.3,45,9657.25
-9734.77,55,8936.99
-10011.82,50,8912.24
-10868.69,40,9505.95
-9626.98,55,10149.96
-10177.14,50,10494.86
-9532.3,55,9225.39
-9793.73,50,10724.79
4548.13,105,9365.96
4534.37,105,9345.43
4275.65,110,8868.57
3450.52,140,5887.21
1753.7,150,6512.76
1552.27,155,6130.83
3534.37,115,9102.33
1852.23,150,6429.88
548.95,155,6330.98
3365.5,115,9159.59
-122.32,140,9585.28
2142.55,150,6293.56
1413.2,160,5297.48
5242.91,120,5789.61
4576.38,105,9063.28
3373.23,140,6351.28
4599.4,130,6024.91
3060.41,145,6247.83
3655.9,140,6225.01
1345.93,155,5676.03
255.32,165,5865.6
2025.61,155,5411.77
928.28,155,5985.79
-84.6,160,6356.94
1924.4,155,5774.04
3409.78,147.62,5614.06
1966.57,150,6088.43
2276.92,155,5390.45
-183.74,165,5811.17
43.96,155,6421.46
2047.37,150,6110.78
691.72,165,5600.55
3122.35,145,6300.14
-379.63,175,6103.47
2958.09,150,5588.79
1119.61,160,5653.95
1533.29,155,5878.8
-529.89,175,6085.19
2044.41,150,6095.91
-888.81,175,5844.69
206.14,165,5444.76
-958.26,175,5188.99
-1757.55,190,4992.32
-1499.88,175,6763.23
-220,167,5560.38
-2811.6,190,5003.56
-634.86,180,4864.32
-869.11,180,4390.54
-753.89,190.39,3207.14
-995.55,180,4522.14
-1610.28,190,4601.86
-1581.26,190,4609.18
166.57,155,6601.36
-2522.87,190,4656.53
-2017.12,190,5120.99
-761.69,180,4871.43
-894.91,175,6322.48
-735.34,160,7487.28
-1119.27,175,6319.32
-1230.3,190,4728.74
-697.47,175,6235.02
-1653.07,190,4566.07
-1035.63,200,3119.52
-692.04,200,2577.63
-839.33,200,2573.33
537.12,165,5537.35
-672.24,165,7137.91
775.97,175,2387.75
-800.47,180,4936.36
-1006.52,184.8,5052.03
-2271.47,200,4266.32
-1562.33,195,4101.35
791.05,160,5662.88
706.9,155,6394.16
-941.87,180,4736.22
-2012.96,190,4515.82
-924.29,175,6435.99
-285.34,165,5073.79
-863.68,180,4451.08
-5033.89,200,3258.8
-1548.76,212.76,2372.44
-4667.67,205,3229.3
-4679.8,215.13,1528.52
-4142.26,210,3414.58
-3927.48,215,3359.3
-2360.11,210,2879.31
-4240.07,215,992.84
-3827.84,215,2436.5
-2540.67,190,4791.18
-5120.16,205.69,2293.14
-4373.46,205,3487.88
-1733.98,200,3470.18
-4055.17,220,2104.44
-4041.75,220,1830.16
-2263.03,210,2843.02
-3003.23,190,5138.1
-2183.65,206.65,2967.13
-3840.97,180,6080.75
-4371.47,220,1965.97
-5258.88,200,3092.8
-6065.11,183.44,4215.56
-4263.94,215,959.45
-1796.79,200,3496.77
-4114.65,215,906.11
-3869.78,220.24,2147.64
-3693.99,215,3346.55
-6774.45,187.85,3302.98
-2751.96,215,2501.28
-5245.79,198.85,3761.55
-3942.66,215,2285.4
-4574.06,205,3597.98
-4136.27,215,2334.35
-7344.55,182.06,3179.45
-6827.44,195,2783.03
-8742.43,160,2406.95
-7305.59,166.08,4533.59
-5548.66,220,1329.42
-6234.59,195,3034.4
-8043.87,180,2189.88
-6649.53,185,3990.59
-8503.4,189.11,1208.88
-7362.41,190,2243.04
-7943.18,190,571.09
-6735.77,185,3108.82
-7024.67,175,4212.41
-5087.02,215,2113.03
-6519.91,185,3689.16
-5891.25,190,3962.09
-4283.86,220,2068.71
-6627.92,190,3247.75
-7703.68,190,1101.25
-6776.64,188.85,2894.08
-5258.59,220,1149.78
-5732.53,205,496.55
-6728.46,190,3319.51
-6000.07,180.11,4351.12
-6282.22,211.59,1248.11
-7396.04,164.13,4308.74
-9278.46,158.45,1984.49
-5826.54,220,1570.95
-4958.09,215,1767.59
-5817.82,195,3309.66
-6776,187.4,3584.56
-4321.69,210,2320.7
-6443.14,190.69,2958.7
-4991.99,202.59,3567.93
-8408.36,190,1140.93
-6951.33,194.87,2709.69
-6280.6,190,3774.9
-6029.49,180,4262.93
End,,
